maxx,maxy,minx,miny,no_priority,priority1,priority2,priority3,priority4,priority5,subject_id
-7185692.1540,-2994955.6418,-7188749.6352,-2997248.7527,0.9998,0.0000,0.0000,0.0000,0.0001,0.0000,5792
-7216266.9653,-3020179.8612,-7219324.4465,-3022472.9720,0.9999,0.0000,0.0000,0.0000,0.0000,0.0000,5886
-7194864.5974,-2974317.6442,-7197922.0786,-2976610.7551,0.1389,0.0124,0.3951,0.0011,0.4385,0.0140,5745
-7191807.1163,-2974317.6442,-7194864.5974,-2976610.7551,0.0687,0.0147,0.8290,0.0014,0.0817,0.0046,5746
-7185692.1540,-2974317.6442,-7188749.6352,-2976610.7551,0.1032,0.0315,0.6808,0.0028,0.1639,0.0178,5748
-7231554.3710,-3024766.0829,-7234611.8521,-3027059.1937,0.9921,0.0002,0.0016,0.0000,0.0009,0.0051,5898
-7246841.7766,-3054576.5239,-7249899.2578,-3056869.6348,0.9954,0.0003,0.0010,0.0000,0.0016,0.0017,6054
-7182634.6729,-2974317.6442,-7185692.1540,-2976610.7551,0.1711,0.0139,0.0633,0.0011,0.7411,0.0094,5749
-7256014.2200,-3059162.7456,-7259071.7012,-3061455.8564,0.9044,0.0027,0.0182,0.0003,0.0152,0.0594,6070
-7256014.2200,-3068335.1890,-7259071.7012,-3070628.2998,0.9919,0.0005,0.0020,0.0000,0.0023,0.0034,6105
-7167347.2672,-2974317.6442,-7170404.7484,-2976610.7551,0.1559,0.0350,0.1087,0.0029,0.0365,0.6610,5750
-7164289.7861,-2974317.6442,-7167347.2672,-2976610.7551,0.1408,0.0104,0.0068,0.0008,0.8369,0.0042,5751
-7191807.1163,-2976610.7551,-7194864.5974,-2978903.8659,0.0016,0.0001,0.0000,0.0000,0.0002,0.9981,5754
-7164289.7861,-2976610.7551,-7167347.2672,-2978903.8659,0.0161,0.0008,0.0005,0.0001,0.0011,0.9814,5758
-7161232.3050,-2976610.7551,-7164289.7861,-2978903.8659,0.0161,0.0008,0.0005,0.0001,0.0011,0.9814,5759
-5711986.2489,-3160059.6229,-5715043.7300,-3162352.7338,0.9676,0.0007,0.0029,0.0001,0.0041,0.0247,6686
-7197922.0786,-2978903.8659,-7200979.5597,-2981196.9768,0.0161,0.0008,0.0005,0.0001,0.0011,0.9814,5760
-7191807.1163,-2978903.8659,-7194864.5974,-2981196.9768,0.0161,0.0008,0.0005,0.0001,0.0011,0.9814,5762
-7188749.6352,-2978903.8659,-7191807.1163,-2981196.9768,0.0161,0.0008,0.0005,0.0001,0.0011,0.9814,5763
-7197922.0786,-2981196.9768,-7200979.5597,-2983490.0876,0.0161,0.0008,0.0005,0.0001,0.0011,0.9814,5765
-7194864.5974,-2981196.9768,-7197922.0786,-2983490.0876,0.0161,0.0008,0.0005,0.0001,0.0011,0.9814,5766
-7191807.1163,-2981196.9768,-7194864.5974,-2983490.0876,0.7891,0.0001,0.0000,0.0000,0.0000,0.2108,5767
-7197922.0786,-2983490.0876,-7200979.5597,-2985783.1985,0.3231,0.0192,0.0126,0.0015,0.2061,0.4374,5769
-7194864.5974,-2983490.0876,-7197922.0786,-2985783.1985,0.0161,0.0008,0.0005,0.0001,0.0011,0.9814,5770
-5739503.5791,-3164645.8446,-5742561.0602,-3166938.9555,0.0004,0.0001,0.0026,0.0000,0.0007,0.9961,6715
-5739503.5791,-3171525.1772,-5742561.0602,-3173818.2880,0.0043,0.0001,0.9932,0.0000,0.0008,0.0016,7148
-5977987.1073,-3529250.4695,-5981044.5884,-3531543.5803,0.9758,0.0010,0.0048,0.0001,0.0057,0.0126,8205
-7246841.7766,-3072921.4107,-7249899.2578,-3075214.5215,0.9981,0.0001,0.0004,0.0000,0.0007,0.0007,6126
-5763963.4281,-3215094.2833,-5767020.9093,-3217387.3941,0.9947,0.0003,0.0008,0.0000,0.0014,0.0028,7365
-5800653.2017,-3265542.7219,-5803710.6828,-3267835.8328,0.0052,0.0015,0.0152,0.0001,0.0088,0.9692,7585
-5828170.5319,-3293060.0521,-5831228.0130,-3295353.1630,0.0214,0.0057,0.0223,0.0005,0.0380,0.9120,7735
-5974929.6262,-3536129.8020,-5977987.1073,-3538422.9129,0.9259,0.0027,0.0155,0.0003,0.0155,0.0402,8239
-7237669.3333,-3013300.5286,-7240726.8144,-3015593.6395,0.9832,0.0002,0.0012,0.0000,0.0047,0.0108,5849
-7283531.5502,-3091266.2975,-7286589.0314,-3093559.4083,0.3516,0.0013,0.0482,0.0002,0.4888,0.1100,6197
-5705871.2866,-3141714.7361,-5708928.7678,-3144007.8470,0.9972,0.0000,0.0000,0.0000,0.0001,0.0026,6532
-5687526.3998,-3144007.8470,-5690583.8810,-3146300.9578,0.9938,0.0000,0.0001,0.0000,0.0001,0.0060,6554
-5724216.1734,-3148594.0687,-5727273.6546,-3150887.1795,0.9771,0.0004,0.0029,0.0000,0.0055,0.0140,6583
-7252956.7389,-3061455.8564,-7256014.2200,-3063748.9673,0.9140,0.0016,0.0125,0.0002,0.0211,0.0506,6079
-7191807.1163,-2983490.0876,-7194864.5974,-2985783.1985,0.0161,0.0008,0.0005,0.0001,0.0011,0.9814,5771
-7197922.0786,-2985783.1985,-7200979.5597,-2988076.3093,0.0161,0.0008,0.0005,0.0001,0.0011,0.9814,5772
-7197922.0786,-2988076.3093,-7200979.5597,-2990369.4202,0.0161,0.0008,0.0005,0.0001,0.0011,0.9814,5775
-7197922.0786,-2990369.4202,-7200979.5597,-2992662.5310,0.0161,0.0008,0.0005,0.0001,0.0011,0.9814,5776
-7182634.6729,-2990369.4202,-7185692.1540,-2992662.5310,0.9996,0.0001,0.0001,0.0000,0.0001,0.0000,5778
-7179577.1918,-2990369.4202,-7182634.6729,-2992662.5310,0.9996,0.0001,0.0001,0.0000,0.0001,0.0000,5779
-7207094.5219,-2992662.5310,-7210152.0031,-2994955.6418,0.0161,0.0008,0.0005,0.0001,0.0011,0.9814,5781
-7185692.1540,-2990369.4202,-7188749.6352,-2992662.5310,0.9923,0.0012,0.0025,0.0001,0.0023,0.0016,5777
-7204037.0408,-2992662.5310,-7207094.5219,-2994955.6418,0.0161,0.0008,0.0005,0.0001,0.0011,0.9814,5782
-7179577.1918,-2992662.5310,-7182634.6729,-2994955.6418,0.0161,0.0008,0.0005,0.0001,0.0011,0.9814,5786
-7213209.4842,-2994955.6418,-7216266.9653,-2997248.7527,0.9996,0.0001,0.0001,0.0000,0.0001,0.0000,5787
-7210152.0031,-2994955.6418,-7213209.4842,-2997248.7527,0.1408,0.0104,0.0068,0.0008,0.8369,0.0042,5788
-7204037.0408,-2994955.6418,-7207094.5219,-2997248.7527,0.0161,0.0008,0.0005,0.0001,0.0011,0.9814,5790
-7200979.5597,-2994955.6418,-7204037.0408,-2997248.7527,0.2113,0.0047,0.0098,0.0004,0.0133,0.7604,5791
-7182634.6729,-2994955.6418,-7185692.1540,-2997248.7527,0.0161,0.0008,0.0005,0.0001,0.0011,0.9814,5793
-7213209.4842,-2997248.7527,-7216266.9653,-2999541.8635,0.9996,0.0001,0.0001,0.0000,0.0001,0.0000,5795
-7210152.0031,-2997248.7527,-7213209.4842,-2999541.8635,0.3231,0.0192,0.0126,0.0015,0.2061,0.4374,5796
-7185692.1540,-2997248.7527,-7188749.6352,-2999541.8635,0.9996,0.0001,0.0001,0.0000,0.0001,0.0000,5799
-7182634.6729,-2997248.7527,-7185692.1540,-2999541.8635,0.9661,0.0026,0.0016,0.0002,0.0024,0.0270,5800
-7179577.1918,-2997248.7527,-7182634.6729,-2999541.8635,0.9996,0.0001,0.0001,0.0000,0.0001,0.0000,5801
-7213209.4842,-2999541.8635,-7216266.9653,-3001834.9744,0.9996,0.0001,0.0001,0.0000,0.0001,0.0000,5802
-7210152.0031,-2999541.8635,-7213209.4842,-3001834.9744,0.9996,0.0001,0.0001,0.0000,0.0001,0.0000,5803
-7219324.4465,-3001834.9744,-7222381.9276,-3004128.0852,0.9996,0.0001,0.0001,0.0000,0.0001,0.0000,5805
-7216266.9653,-3001834.9744,-7219324.4465,-3004128.0852,0.9996,0.0001,0.0001,0.0000,0.0001,0.0000,5806
-7213209.4842,-3001834.9744,-7216266.9653,-3004128.0852,0.9996,0.0001,0.0001,0.0000,0.0001,0.0000,5807
-7210152.0031,-3001834.9744,-7213209.4842,-3004128.0852,0.9996,0.0001,0.0001,0.0000,0.0001,0.0000,5808
-7188749.6352,-3001834.9744,-7191807.1163,-3004128.0852,0.9996,0.0001,0.0001,0.0000,0.0001,0.0000,5812
-7219324.4465,-3004128.0852,-7222381.9276,-3006421.1961,0.9996,0.0001,0.0001,0.0000,0.0001,0.0000,5813
-5754790.9847,-3240318.5026,-5757848.4659,-3242611.6135,0.9679,0.0010,0.0102,0.0001,0.0062,0.0145,7481
-5849572.8998,-3295353.1630,-5852630.3809,-3297646.2738,0.9568,0.0018,0.0100,0.0002,0.0101,0.0212,7748
-5984102.0696,-3549888.4671,-5987159.5507,-3552181.5780,0.9823,0.0008,0.0030,0.0001,0.0049,0.0089,8306
-5809825.6451,-3270128.9436,-5812883.1262,-3272422.0545,1.0000,0.0000,0.0000,0.0000,0.0000,0.0000,7608
-5825113.0507,-3283887.6087,-5828170.5319,-3286180.7196,0.0000,0.0005,0.9984,0.0001,0.0003,0.0006,7664
-5867917.7866,-3311404.9389,-5870975.2677,-3313698.0498,0.0001,0.0003,0.0155,0.0001,0.0069,0.9772,7880
-5977987.1073,-3559060.9105,-5981044.5884,-3561354.0214,0.0058,0.0000,0.0001,0.0000,0.0008,0.9934,8361
-7249899.2578,-3052283.4131,-7252956.7389,-3054576.5239,0.8887,0.0031,0.0178,0.0003,0.0180,0.0721,6043
-7274359.1068,-3075214.5215,-7277416.5880,-3077507.6324,0.9043,0.0021,0.0329,0.0002,0.0123,0.0482,6128
-5718101.2112,-3157766.5121,-5721158.6923,-3160059.6229,0.9997,0.0000,0.0000,0.0000,0.0000,0.0002,6666
-5739503.5791,-3162352.7338,-5742561.0602,-3164645.8446,0.0002,0.0031,0.9815,0.0007,0.0073,0.0071,6696
-7213209.4842,-3004128.0852,-7216266.9653,-3006421.1961,0.9996,0.0001,0.0001,0.0000,0.0001,0.0000,5815
-7210152.0031,-3004128.0852,-7213209.4842,-3006421.1961,0.9996,0.0001,0.0001,0.0000,0.0001,0.0000,5816
-5840400.4564,-3290766.9413,-5843457.9375,-3293060.0521,0.0000,0.0008,0.0348,0.0003,0.8946,0.0695,7712
-7207094.5219,-3004128.0852,-7210152.0031,-3006421.1961,0.9996,0.0001,0.0001,0.0000,0.0001,0.0000,5817
-5846515.4187,-3309111.8281,-5849572.8998,-3311404.9389,0.0000,0.0003,0.9992,0.0001,0.0002,0.0001,7867
-7191807.1163,-3004128.0852,-7194864.5974,-3006421.1961,0.0161,0.0008,0.0005,0.0001,0.0011,0.9814,5819
-7188749.6352,-3004128.0852,-7191807.1163,-3006421.1961,0.0161,0.0008,0.0005,0.0001,0.0011,0.9814,5820
-5800653.2017,-3295353.1630,-5803710.6828,-3297646.2738,0.3053,0.0030,0.0168,0.0005,0.0247,0.6497,7764
-7219324.4465,-3006421.1961,-7222381.9276,-3008714.3069,0.9996,0.0001,0.0001,0.0000,0.0001,0.0000,5821
-7216266.9653,-3006421.1961,-7219324.4465,-3008714.3069,0.0161,0.0008,0.0005,0.0001,0.0011,0.9814,5822
-7207094.5219,-3006421.1961,-7210152.0031,-3008714.3069,0.9996,0.0001,0.0001,0.0000,0.0001,0.0000,5825
-7277416.5880,-3079800.7432,-7280474.0691,-3082093.8541,0.0004,0.0036,0.8567,0.0008,0.1252,0.0133,6143
-7194864.5974,-3006421.1961,-7197922.0786,-3008714.3069,0.0161,0.0008,0.0005,0.0001,0.0011,0.9814,5827
-5767020.9093,-3228852.9484,-5770078.3904,-3231146.0592,0.0102,0.0027,0.0814,0.0007,0.0629,0.8421,7444
-5702813.8055,-3130249.1819,-5705871.2866,-3132542.2927,0.9903,0.0000,0.0000,0.0000,0.0000,0.0096,6396
-5849572.8998,-3304525.6064,-5852630.3809,-3306818.7172,0.0102,0.0027,0.0814,0.0007,0.0629,0.8421,7827
-5730331.1357,-3160059.6229,-5733388.6168,-3162352.7338,0.0000,0.0334,0.9206,0.0017,0.0421,0.0021,6680
-5977987.1073,-3545302.2454,-5981044.5884,-3547595.3563,1.0000,0.0000,0.0000,0.0000,0.0000,0.0000,8286
-5965757.1828,-3552181.5780,-5968814.6639,-3554474.6888,1.0000,0.0000,0.0000,0.0000,0.0000,0.0000,8324
-5987159.5507,-3526957.3586,-5990217.0318,-3529250.4695,0.9999,0.0000,0.0000,0.0000,0.0000,0.0001,8191
-7219324.4465,-3008714.3069,-7222381.9276,-3011007.4178,0.9996,0.0001,0.0001,0.0000,0.0001,0.0000,5830
-7277416.5880,-3123369.8493,-7280474.0691,-3125662.9602,0.0102,0.0027,0.0814,0.0007,0.0629,0.8421,6353
-7216266.9653,-3008714.3069,-7219324.4465,-3011007.4178,0.9996,0.0001,0.0001,0.0000,0.0001,0.0000,5831
-5702813.8055,-3141714.7361,-5705871.2866,-3144007.8470,1.0000,0.0000,0.0000,0.0000,0.0000,0.0000,6533
-7197922.0786,-3008714.3069,-7200979.5597,-3011007.4178,0.0161,0.0008,0.0005,0.0001,0.0011,0.9814,5836
-7194864.5974,-3008714.3069,-7197922.0786,-3011007.4178,0.0161,0.0008,0.0005,0.0001,0.0011,0.9814,5837
-7191807.1163,-3008714.3069,-7194864.5974,-3011007.4178,0.0161,0.0008,0.0005,0.0001,0.0011,0.9814,5838
-7188749.6352,-3008714.3069,-7191807.1163,-3011007.4178,0.0161,0.0008,0.0005,0.0001,0.0011,0.9814,5839
-7219324.4465,-3011007.4178,-7222381.9276,-3013300.5286,0.9996,0.0001,0.0001,0.0000,0.0001,0.0000,5840
-5742561.0602,-3169232.0663,-5745618.5413,-3171525.1772,0.0000,0.0012,0.5485,0.0004,0.4421,0.0078,7128
-7200979.5597,-3011007.4178,-7204037.0408,-3013300.5286,0.9996,0.0001,0.0001,0.0000,0.0001,0.0000,5844
-7197922.0786,-3011007.4178,-7200979.5597,-3013300.5286,0.0161,0.0008,0.0005,0.0001,0.0011,0.9814,5845
-5812883.1262,-3322870.4931,-5815940.6073,-3325163.6040,0.1528,0.0009,0.0066,0.0005,0.0519,0.7874,7971
-5968814.6639,-3540716.0237,-5971872.1450,-3543009.1346,0.9995,0.0000,0.0001,0.0000,0.0000,0.0004,8265
-7194864.5974,-3011007.4178,-7197922.0786,-3013300.5286,0.0188,0.0097,0.9613,0.0010,0.0084,0.0008,5846
-7197922.0786,-3013300.5286,-7200979.5597,-3015593.6395,0.9838,0.0001,0.0000,0.0000,0.0000,0.0161,5859
-5724216.1734,-3169232.0663,-5727273.6546,-3171525.1772,0.9999,0.0000,0.0000,0.0000,0.0000,0.0001,7134
-5678353.9565,-3144007.8470,-5681411.4376,-3146300.9578,0.9868,0.0006,0.0028,0.0001,0.0009,0.0088,6557
-5794538.2394,-3286180.7196,-5797595.7206,-3288473.8304,1.0000,0.0000,0.0000,0.0000,0.0000,0.0000,7689
-5843457.9375,-3332042.9365,-5846515.4187,-3334336.0474,0.0002,0.0020,0.9901,0.0011,0.0012,0.0054,8022
-5730331.1357,-3146300.9578,-5733388.6168,-3148594.0687,0.0007,0.0035,0.4838,0.0008,0.3826,0.1285,6558
-5687526.3998,-3137128.5144,-5690583.8810,-3139421.6253,0.9998,0.0000,0.0001,0.0000,0.0000,0.0002,6503
-5751733.5036,-3162352.7338,-5754790.9847,-3164645.8446,0.9146,0.0005,0.0021,0.0002,0.0012,0.0814,6692
-5681411.4376,-3146300.9578,-5684468.9187,-3148594.0687,0.9128,0.0004,0.0016,0.0001,0.0015,0.0836,6572
-5730331.1357,-3169232.0663,-5733388.6168,-3171525.1772,1.0000,0.0000,0.0000,0.0000,0.0000,0.0000,7132
-5736446.0979,-3203628.7290,-5739503.5791,-3205921.8399,0.0044,0.0000,0.0001,0.0000,0.0012,0.9943,7307
-5809825.6451,-3281594.4979,-5812883.1262,-3283887.6087,0.0000,0.0004,0.9993,0.0002,0.0001,0.0000,7660
-6002446.9563,-3556767.7997,-6005504.4375,-3559060.9105,0.9639,0.0000,0.0001,0.0000,0.0000,0.0360,8339
-7222381.9276,-3031645.4154,-7225439.4087,-3033938.5263,1.0000,0.0000,0.0000,0.0000,0.0000,0.0000,5938
-7219324.4465,-3013300.5286,-7222381.9276,-3015593.6395,1.0000,0.0000,0.0000,0.0000,0.0000,0.0000,5855
-7216266.9653,-3013300.5286,-7219324.4465,-3015593.6395,1.0000,0.0000,0.0000,0.0000,0.0000,0.0000,5856
-5715043.7300,-3150887.1795,-5718101.2112,-3153180.2904,0.2970,0.0000,0.0001,0.0000,0.0006,0.7022,6609
-7231554.3710,-3015593.6395,-7234611.8521,-3017886.7503,0.0010,0.0001,0.0000,0.0000,0.0001,0.9988,5864
-7228496.8899,-3015593.6395,-7231554.3710,-3017886.7503,0.0010,0.0001,0.0000,0.0000,0.0001,0.9988,5865
-7222381.9276,-3015593.6395,-7225439.4087,-3017886.7503,1.0000,0.0000,0.0000,0.0000,0.0000,0.0000,5867
-7219324.4465,-3015593.6395,-7222381.9276,-3017886.7503,1.0000,0.0000,0.0000,0.0000,0.0000,0.0000,5868
-7213209.4842,-3015593.6395,-7216266.9653,-3017886.7503,1.0000,0.0000,0.0000,0.0000,0.0000,0.0000,5870
-5984102.0696,-3510905.5827,-5987159.5507,-3513198.6935,0.0000,0.0008,0.9738,0.0003,0.0221,0.0031,8125
-5990217.0318,-3540716.0237,-5993274.5129,-3543009.1346,0.7900,0.0000,0.0000,0.0000,0.0001,0.2099,8258
-5730331.1357,-3157766.5121,-5733388.6168,-3160059.6229,0.0003,0.0011,0.0104,0.0003,0.8810,0.1068,6662
-7268244.1446,-3070628.2998,-7271301.6257,-3072921.4107,0.1854,0.0014,0.0085,0.0003,0.0216,0.7828,6113
-7225439.4087,-3017886.7503,-7228496.8899,-3020179.8612,1.0000,0.0000,0.0000,0.0000,0.0000,0.0000,5875
-5828170.5319,-3306818.7172,-5831228.0130,-3309111.8281,0.0000,0.0001,0.0020,0.0001,0.8874,0.1105,7857
-7216266.9653,-3017886.7503,-7219324.4465,-3020179.8612,1.0000,0.0000,0.0000,0.0000,0.0000,0.0000,5878
-5806768.1640,-3281594.4979,-5809825.6451,-3283887.6087,0.0020,0.0002,0.0033,0.0001,0.0443,0.9502,7661
-5849572.8998,-3309111.8281,-5852630.3809,-3311404.9389,0.0000,0.0003,0.9992,0.0001,0.0002,0.0001,7866
-7228496.8899,-3022472.9720,-7231554.3710,-3024766.0829,1.0000,0.0000,0.0000,0.0000,0.0000,0.0000,5890
-7271301.6257,-3107318.0734,-7274359.1068,-3109611.1843,0.0003,0.0039,0.9917,0.0008,0.0025,0.0009,6286
-5812883.1262,-3281594.4979,-5815940.6073,-3283887.6087,0.0050,0.0010,0.0021,0.0003,0.1700,0.8216,7659
-7237669.3333,-3020179.8612,-7240726.8144,-3022472.9720,0.9996,0.0001,0.0001,0.0000,0.0001,0.0000,5879
-7234611.8521,-3020179.8612,-7237669.3333,-3022472.9720,0.0161,0.0008,0.0005,0.0001,0.0011,0.9814,5880
-7228496.8899,-3020179.8612,-7231554.3710,-3022472.9720,0.0161,0.0008,0.0005,0.0001,0.0011,0.9814,5882
-7225439.4087,-3020179.8612,-7228496.8899,-3022472.9720,0.9996,0.0001,0.0001,0.0000,0.0001,0.0000,5883
-7237669.3333,-3022472.9720,-7240726.8144,-3024766.0829,0.9996,0.0001,0.0001,0.0000,0.0001,0.0000,5887
-5828170.5319,-3309111.8281,-5831228.0130,-3311404.9389,0.0000,0.0001,0.0004,0.0001,0.9722,0.0273,7873
-7231554.3710,-3022472.9720,-7234611.8521,-3024766.0829,0.0161,0.0008,0.0005,0.0001,0.0011,0.9814,5889
-5981044.5884,-3524664.2478,-5984102.0696,-3526957.3586,0.9999,0.0000,0.0000,0.0000,0.0000,0.0001,8182
-5800653.2017,-3290766.9413,-5803710.6828,-3293060.0521,1.0000,0.0000,0.0000,0.0000,0.0000,0.0000,7725
-7225439.4087,-3022472.9720,-7228496.8899,-3024766.0829,0.9996,0.0001,0.0001,0.0000,0.0001,0.0000,5891
-5987159.5507,-3547595.3563,-5990217.0318,-3549888.4671,0.9989,0.0000,0.0000,0.0000,0.0000,0.0011,8294
-7277416.5880,-3109611.1843,-7280474.0691,-3111904.2951,0.9989,0.0000,0.0001,0.0000,0.0000,0.0010,6296
-5702813.8055,-3150887.1795,-5705871.2866,-3153180.2904,0.9989,0.0000,0.0001,0.0000,0.0000,0.0010,6613
-5736446.0979,-3171525.1772,-5739503.5791,-3173818.2880,0.0050,0.0010,0.0021,0.0003,0.1700,0.8216,7149
-5696698.8432,-3137128.5144,-5699756.3244,-3139421.6253,0.9961,0.0000,0.0001,0.0000,0.0000,0.0037,6496
-5751733.5036,-3192163.1748,-5754790.9847,-3194456.2856,0.0008,0.0606,0.9297,0.0025,0.0039,0.0025,7261
-5736446.0979,-3194456.2856,-5739503.5791,-3196749.3965,0.9989,0.0000,0.0001,0.0000,0.0000,0.0010,7274
-5797595.7206,-3288473.8304,-5800653.2017,-3290766.9413,0.9989,0.0000,0.0001,0.0000,0.0000,0.0010,7707
-7219324.4465,-3022472.9720,-7222381.9276,-3024766.0829,0.9996,0.0001,0.0001,0.0000,0.0001,0.0000,5893
-7213209.4842,-3022472.9720,-7216266.9653,-3024766.0829,0.0161,0.0008,0.0005,0.0001,0.0011,0.9814,5895
-7225439.4087,-3024766.0829,-7228496.8899,-3027059.1937,0.9996,0.0001,0.0001,0.0000,0.0001,0.0000,5900
-5812883.1262,-3297646.2738,-5815940.6073,-3299939.3847,0.0004,0.0030,0.8691,0.0014,0.0192,0.1069,7780
-7252956.7389,-3084386.9649,-7256014.2200,-3086680.0758,0.0007,0.0035,0.4838,0.0008,0.3826,0.1285,6171
-7216266.9653,-3024766.0829,-7219324.4465,-3027059.1937,0.0161,0.0008,0.0005,0.0001,0.0011,0.9814,5903
-5822055.5696,-3295353.1630,-5825113.0507,-3297646.2738,0.9146,0.0005,0.0021,0.0002,0.0012,0.0814,7757
-7213209.4842,-3024766.0829,-7216266.9653,-3027059.1937,0.9996,0.0001,0.0001,0.0000,0.0001,0.0000,5904
-5797595.7206,-3299939.3847,-5800653.2017,-3302232.4955,0.0007,0.0035,0.4838,0.0008,0.3826,0.1285,7804
-7185692.1540,-3024766.0829,-7188749.6352,-3027059.1937,0.9996,0.0001,0.0001,0.0000,0.0001,0.0000,5905
-5864860.3054,-3329749.8257,-5867917.7866,-3332042.9365,0.8056,0.0004,0.0007,0.0001,0.0018,0.1914,8004
-7182634.6729,-3024766.0829,-7185692.1540,-3027059.1937,0.0161,0.0008,0.0005,0.0001,0.0011,0.9814,5906
-7179577.1918,-3024766.0829,-7182634.6729,-3027059.1937,0.9996,0.0001,0.0001,0.0000,0.0001,0.0000,5907
-5843457.9375,-3336629.1582,-5846515.4187,-3338922.2691,0.0003,0.0039,0.9917,0.0008,0.0025,0.0009,8046
-5834285.4941,-3345801.6016,-5837342.9753,-3348094.7125,0.9989,0.0000,0.0001,0.0000,0.0000,0.0010,8092
-7237669.3333,-3027059.1937,-7240726.8144,-3029352.3046,0.9996,0.0001,0.0001,0.0000,0.0001,0.0000,5908
-5968814.6639,-3515491.8044,-5971872.1450,-3517784.9152,0.0000,0.0001,0.0004,0.0001,0.9722,0.0273,8145
-7234611.8521,-3027059.1937,-7237669.3333,-3029352.3046,0.9996,0.0001,0.0001,0.0000,0.0001,0.0000,5909
-5981044.5884,-3543009.1346,-5984102.0696,-3545302.2454,0.9989,0.0000,0.0000,0.0000,0.0000,0.0011,8274
-7188749.6352,-2974317.6442,-7191807.1163,-2976610.7551,0.0161,0.0008,0.0005,0.0001,0.0011,0.9814,5747
-7274359.1068,-3095852.5192,-7277416.5880,-3098145.6300,0.0557,0.0070,0.1890,0.0012,0.4903,0.2567,6226
-5739503.5791,-3215094.2833,-5742561.0602,-3217387.3941,0.2990,0.0021,0.0124,0.0004,0.0314,0.6548,7373
-5742561.0602,-3224266.7267,-5745618.5413,-3226559.8375,0.0433,0.0003,0.0014,0.0001,0.0063,0.9486,7420
-5806768.1640,-3256370.2785,-5809825.6451,-3258663.3894,0.0433,0.0003,0.0014,0.0001,0.0063,0.9486,7547
-5785365.7960,-3247197.8352,-5788423.2772,-3249490.9460,0.0003,0.0005,0.0454,0.0002,0.6200,0.3336,7511
-5861802.8243,-3327456.7148,-5864860.3054,-3329749.8257,0.0003,0.0005,0.0454,0.0002,0.6200,0.3336,7993
-5974929.6262,-3524664.2478,-5977987.1073,-3526957.3586,0.0433,0.0003,0.0014,0.0001,0.0063,0.9486,8184
-5999389.4752,-3526957.3586,-6002446.9563,-3529250.4695,0.0000,0.0000,0.0003,0.0000,0.2024,0.7973,8187
-7237669.3333,-3052283.4131,-7240726.8144,-3054576.5239,0.0150,0.0013,0.0310,0.0004,0.2390,0.7134,6047
-7252956.7389,-3059162.7456,-7256014.2200,-3061455.8564,0.9989,0.0000,0.0001,0.0000,0.0000,0.0010,6071
-5815940.6073,-3267835.8328,-5818998.0885,-3270128.9436,0.9989,0.0000,0.0001,0.0000,0.0000,0.0010,7594
-5815940.6073,-3274715.1653,-5818998.0885,-3277008.2762,0.0433,0.0003,0.0014,0.0001,0.0063,0.9486,7630
-5815940.6073,-3318284.2714,-5818998.0885,-3320577.3823,0.2990,0.0021,0.0124,0.0004,0.0314,0.6548,7937
-7161232.3050,-2974317.6442,-7164289.7861,-2976610.7551,0.0161,0.0008,0.0005,0.0001,0.0011,0.9814,5752
-7194864.5974,-2976610.7551,-7197922.0786,-2978903.8659,0.0161,0.0008,0.0005,0.0001,0.0011,0.9814,5753
-5987159.5507,-3517784.9152,-5990217.0318,-3520078.0261,0.9995,0.0000,0.0001,0.0000,0.0000,0.0004,8147
-5987159.5507,-3522371.1369,-5990217.0318,-3524664.2478,0.3053,0.0030,0.0168,0.0005,0.0247,0.6497,8168
-7277416.5880,-3111904.2951,-7280474.0691,-3114197.4060,0.9989,0.0000,0.0001,0.0000,0.0000,0.0010,6307
-5736446.0979,-3187576.9531,-5739503.5791,-3189870.0639,0.8056,0.0004,0.0007,0.0001,0.0018,0.1914,7242
-5751733.5036,-3244904.7243,-5754790.9847,-3247197.8352,0.0433,0.0003,0.0014,0.0001,0.0063,0.9486,7505
-5822055.5696,-3274715.1653,-5825113.0507,-3277008.2762,0.9868,0.0006,0.0028,0.0001,0.0009,0.0088,7628
-5681411.4376,-3132542.2927,-5684468.9187,-3134835.4036,0.0001,0.0012,0.0009,0.0003,0.8338,0.1636,6438
-5834285.4941,-3336629.1582,-5837342.9753,-3338922.2691,0.8056,0.0004,0.0007,0.0001,0.0018,0.1914,8049
-7185692.1540,-2976610.7551,-7188749.6352,-2978903.8659,0.9996,0.0001,0.0001,0.0000,0.0001,0.0000,5756
-5852630.3809,-3345801.6016,-5855687.8621,-3348094.7125,0.9995,0.0000,0.0001,0.0000,0.0000,0.0004,8088
-7194864.5974,-2978903.8659,-7197922.0786,-2981196.9768,0.0161,0.0008,0.0005,0.0001,0.0011,0.9814,5761
-7194864.5974,-2985783.1985,-7197922.0786,-2988076.3093,0.0161,0.0008,0.0005,0.0001,0.0011,0.9814,5773
-5849572.8998,-3320577.3823,-5852630.3809,-3322870.4931,0.9999,0.0000,0.0000,0.0000,0.0000,0.0001,7944
-7210152.0031,-2992662.5310,-7213209.4842,-2994955.6418,0.9996,0.0001,0.0001,0.0000,0.0001,0.0000,5780
-5751733.5036,-3196749.3965,-5754790.9847,-3199042.5073,0.0000,0.0001,0.0038,0.0001,0.9791,0.0170,7277
-5760905.9470,-3215094.2833,-5763963.4281,-3217387.3941,0.5204,0.0002,0.0007,0.0001,0.0012,0.4774,7366
-5809825.6451,-3265542.7219,-5812883.1262,-3267835.8328,0.0000,0.0001,0.0038,0.0001,0.9791,0.0170,7582
-5699756.3244,-3139421.6253,-5702813.8055,-3141714.7361,0.9974,0.0000,0.0000,0.0000,0.0000,0.0025,6520
-5849572.8998,-3311404.9389,-5852630.3809,-3313698.0498,0.0000,0.9690,0.0290,0.0016,0.0003,0.0001,7882
-5748676.0225,-3187576.9531,-5751733.5036,-3189870.0639,0.9146,0.0005,0.0021,0.0002,0.0012,0.0814,7238
-5745618.5413,-3199042.5073,-5748676.0225,-3201335.6182,0.9961,0.0000,0.0001,0.0000,0.0000,0.0037,7287
-7182634.6729,-2992662.5310,-7185692.1540,-2994955.6418,0.0161,0.0008,0.0005,0.0001,0.0011,0.9814,5785
-7207094.5219,-2997248.7527,-7210152.0031,-2999541.8635,0.9997,0.0001,0.0001,0.0000,0.0000,0.0001,5797
-7204037.0408,-2997248.7527,-7207094.5219,-2999541.8635,0.9996,0.0001,0.0001,0.0000,0.0001,0.0000,5798
-5800653.2017,-3228852.9484,-5803710.6828,-3231146.0592,0.0044,0.0000,0.0001,0.0000,0.0012,0.9943,7439
-7207094.5219,-2999541.8635,-7210152.0031,-3001834.9744,0.2113,0.0047,0.0098,0.0004,0.0133,0.7604,5804
-7207094.5219,-3001834.9744,-7210152.0031,-3004128.0852,0.9923,0.0012,0.0025,0.0001,0.0023,0.0016,5809
-5990217.0318,-3522371.1369,-5993274.5129,-3524664.2478,0.0004,0.0000,0.0000,0.0000,0.0002,0.9994,8167
-7194864.5974,-3001834.9744,-7197922.0786,-3004128.0852,0.2113,0.0047,0.0098,0.0004,0.0133,0.7604,5810
-6002446.9563,-3543009.1346,-6005504.4375,-3545302.2454,1.0000,0.0000,0.0000,0.0000,0.0000,0.0000,8267
-5690583.8810,-3134835.4036,-5693641.3621,-3137128.5144,0.8056,0.0004,0.0007,0.0001,0.0018,0.1914,6469
-7237669.3333,-3033938.5263,-7240726.8144,-3036231.6371,0.9989,0.0000,0.0001,0.0000,0.0000,0.0010,6007
-5739503.5791,-3180697.6206,-5742561.0602,-3182990.7314,0.9742,0.0007,0.0014,0.0001,0.0012,0.0225,7200
-5736446.0979,-3221973.6158,-5739503.5791,-3224266.7267,0.2896,0.0001,0.0002,0.0001,0.0012,0.7090,7411
-5776193.3526,-3240318.5026,-5779250.8338,-3242611.6135,0.0000,0.0001,0.0038,0.0001,0.9791,0.0170,7479
-5858745.3432,-3341215.3799,-5861802.8243,-3343508.4908,0.0003,0.0011,0.0104,0.0003,0.8810,0.1068,8065
-7265186.6634,-3098145.6300,-7268244.1446,-3100438.7409,0.0034,0.8268,0.1363,0.0105,0.0146,0.0084,6240
-7231554.3710,-3020179.8612,-7234611.8521,-3022472.9720,0.9974,0.0000,0.0000,0.0000,0.0000,0.0025,5881
-5705871.2866,-3157766.5121,-5708928.7678,-3160059.6229,0.9989,0.0000,0.0001,0.0000,0.0000,0.0010,6670
-5733388.6168,-3166938.9555,-5736446.0979,-3169232.0663,0.0006,0.0001,0.0001,0.0000,0.0350,0.9642,7112
-5803710.6828,-3233439.1701,-5806768.1640,-3235732.2809,0.9868,0.0006,0.0028,0.0001,0.0009,0.0088,7454
-5818998.0885,-3274715.1653,-5822055.5696,-3277008.2762,0.2896,0.0001,0.0002,0.0001,0.0012,0.7090,7629
-5974929.6262,-3529250.4695,-5977987.1073,-3531543.5803,0.9868,0.0006,0.0028,0.0001,0.0009,0.0088,8206
-5974929.6262,-3538422.9129,-5977987.1073,-3540716.0237,0.9974,0.0000,0.0000,0.0000,0.0000,0.0025,8251
-5993274.5129,-3545302.2454,-5996331.9941,-3547595.3563,0.9989,0.0000,0.0000,0.0000,0.0000,0.0011,8281
-7256014.2200,-3082093.8541,-7259071.7012,-3084386.9649,0.0044,0.0000,0.0001,0.0000,0.0012,0.9943,6159
-5711986.2489,-3155473.4012,-5715043.7300,-3157766.5121,0.9989,0.0000,0.0001,0.0000,0.0000,0.0010,6649
-5733388.6168,-3162352.7338,-5736446.0979,-3164645.8446,0.0445,0.0004,0.0020,0.0001,0.0050,0.9480,6698
-7286589.0314,-3102731.8517,-7289646.5125,-3105024.9626,1.0000,0.0000,0.0000,0.0000,0.0000,0.0000,6258
-5754790.9847,-3205921.8399,-5757848.4659,-3208214.9507,0.8100,0.0005,0.0009,0.0001,0.0014,0.1871,7310
-5748676.0225,-3182990.7314,-5751733.5036,-3185283.8423,0.0006,0.0001,0.0001,0.0000,0.0350,0.9642,7210
-5809825.6451,-3304525.6064,-5812883.1262,-3306818.7172,0.0021,0.2057,0.7608,0.0065,0.0188,0.0060,7840
-7274359.1068,-3070628.2998,-7277416.5880,-3072921.4107,0.9989,0.0000,0.0001,0.0000,0.0000,0.0010,6111
-7240726.8144,-3059162.7456,-7243784.2955,-3061455.8564,1.0000,0.0000,0.0000,0.0000,0.0000,0.0000,6074
-5690583.8810,-3144007.8470,-5693641.3621,-3146300.9578,0.9989,0.0000,0.0001,0.0000,0.0000,0.0010,6553
-5711986.2489,-3157766.5121,-5715043.7300,-3160059.6229,0.0020,0.0002,0.0033,0.0001,0.0443,0.9502,6668
-5791480.7583,-3272422.0545,-5794538.2394,-3274715.1653,0.0000,0.0001,0.0038,0.0001,0.9791,0.0170,7626
-5812883.1262,-3311404.9389,-5815940.6073,-3313698.0498,1.0000,0.0000,0.0000,0.0000,0.0000,0.0000,7893
-7256014.2200,-3056869.6348,-7259071.7012,-3059162.7456,0.0003,0.0011,0.0104,0.0003,0.8810,0.1068,6062
-7286589.0314,-3095852.5192,-7289646.5125,-3098145.6300,0.0003,0.0039,0.9917,0.0008,0.0025,0.0009,6222
-5684468.9187,-3148594.0687,-5687526.3998,-3150887.1795,0.9989,0.0000,0.0001,0.0000,0.0000,0.0010,6594
-5739503.5791,-3212801.1724,-5742561.0602,-3215094.2833,0.0044,0.0000,0.0001,0.0000,0.0012,0.9943,7358
-7277416.5880,-3114197.4060,-7280474.0691,-3116490.5168,0.9989,0.0000,0.0001,0.0000,0.0000,0.0010,6318
-5834285.4941,-3290766.9413,-5837342.9753,-3293060.0521,0.5204,0.0002,0.0007,0.0001,0.0012,0.4774,7714
-6005504.4375,-3531543.5803,-6008561.9186,-3533836.6912,0.0150,0.0013,0.0310,0.0004,0.2390,0.7134,8207
-7277416.5880,-3082093.8541,-7280474.0691,-3084386.9649,0.9868,0.0006,0.0028,0.0001,0.0009,0.0088,6153
-5715043.7300,-3130249.1819,-5718101.2112,-3132542.2927,0.9146,0.0005,0.0021,0.0002,0.0012,0.0814,6392
-5742561.0602,-3153180.2904,-5745618.5413,-3155473.4012,0.0050,0.0010,0.0021,0.0003,0.1700,0.8216,6620
-5736446.0979,-3189870.0639,-5739503.5791,-3192163.1748,0.0044,0.0000,0.0001,0.0000,0.0012,0.9943,7258
-5705871.2866,-3132542.2927,-5708928.7678,-3134835.4036,0.0433,0.0003,0.0014,0.0001,0.0063,0.9486,6419
-5748676.0225,-3150887.1795,-5751733.5036,-3153180.2904,0.0445,0.0004,0.0020,0.0001,0.0050,0.9480,6598
-7237669.3333,-3059162.7456,-7240726.8144,-3061455.8564,0.9989,0.0000,0.0001,0.0000,0.0000,0.0010,6075
-5745618.5413,-3226559.8375,-5748676.0225,-3228852.9484,0.9989,0.0000,0.0001,0.0000,0.0000,0.0010,7432
-5984102.0696,-3526957.3586,-5987159.5507,-3529250.4695,0.0433,0.0003,0.0014,0.0001,0.0063,0.9486,8192
-5733388.6168,-3226559.8375,-5736446.0979,-3228852.9484,0.0433,0.0003,0.0014,0.0001,0.0063,0.9486,7436
-7280474.0691,-3116490.5168,-7283531.5502,-3118783.6277,0.0433,0.0003,0.0014,0.0001,0.0063,0.9486,6325
-5788423.2772,-3244904.7243,-5791480.7583,-3247197.8352,0.0006,0.0001,0.0002,0.0001,0.0279,0.9711,7497
-5831228.0130,-3299939.3847,-5834285.4941,-3302232.4955,0.0006,0.0010,0.1051,0.0003,0.8309,0.0622,7793
-5791480.7583,-3265542.7219,-5794538.2394,-3267835.8328,0.0001,0.0012,0.0009,0.0003,0.8338,0.1636,7588
-7262129.1823,-3079800.7432,-7265186.6634,-3082093.8541,1.0000,0.0000,0.0000,0.0000,0.0000,0.0000,6146
-5791480.7583,-3274715.1653,-5794538.2394,-3277008.2762,0.0445,0.0004,0.0020,0.0001,0.0050,0.9480,7636
-7243784.2955,-3079800.7432,-7246841.7766,-3082093.8541,0.0044,0.0000,0.0001,0.0000,0.0012,0.9943,6152
-5708928.7678,-3150887.1795,-5711986.2489,-3153180.2904,1.0000,0.0000,0.0000,0.0000,0.0000,0.0000,6611
-5831228.0130,-3293060.0521,-5834285.4941,-3295353.1630,0.0044,0.0000,0.0001,0.0000,0.0012,0.9943,7734
-5822055.5696,-3302232.4955,-5825113.0507,-3304525.6064,0.0044,0.0000,0.0001,0.0000,0.0012,0.9943,7816
-5831228.0130,-3329749.8257,-5834285.4941,-3332042.9365,1.0000,0.0000,0.0000,0.0000,0.0000,0.0000,8014
-5831228.0130,-3343508.4908,-5834285.4941,-3345801.6016,0.0956,0.0000,0.0001,0.0000,0.0004,0.9038,8083
-5711986.2489,-3132542.2927,-5715043.7300,-3134835.4036,0.9900,0.0000,0.0000,0.0000,0.0000,0.0098,6414
-5687526.3998,-3134835.4036,-5690583.8810,-3137128.5144,0.9961,0.0000,0.0001,0.0000,0.0000,0.0037,6471
-5822055.5696,-3279301.3870,-5825113.0507,-3281594.4979,0.0004,0.0000,0.0000,0.0000,0.0002,0.9994,7648
-7259071.7012,-3118783.6277,-7262129.1823,-3121076.7385,0.0002,0.0031,0.9815,0.0007,0.0073,0.0071,6338
-5696698.8432,-3160059.6229,-5699756.3244,-3162352.7338,0.9995,0.0000,0.0001,0.0000,0.0000,0.0004,6691
-7256014.2200,-3072921.4107,-7259071.7012,-3075214.5215,0.9989,0.0000,0.0001,0.0000,0.0000,0.0010,6123
-5699756.3244,-3164645.8446,-5702813.8055,-3166938.9555,0.9995,0.0000,0.0001,0.0000,0.0000,0.0004,7104
-5773135.8715,-3231146.0592,-5776193.3526,-3233439.1701,0.0044,0.0000,0.0001,0.0000,0.0012,0.9943,7451
-5779250.8338,-3235732.2809,-5782308.3149,-3238025.3918,1.0000,0.0000,0.0000,0.0000,0.0000,0.0000,7462
-5751733.5036,-3210508.0616,-5754790.9847,-3212801.1724,0.0050,0.0010,0.0021,0.0003,0.1700,0.8216,7339
-5733388.6168,-3210508.0616,-5736446.0979,-3212801.1724,0.0433,0.0003,0.0014,0.0001,0.0063,0.9486,7345
-5849572.8998,-3297646.2738,-5852630.3809,-3299939.3847,1.0000,0.0000,0.0000,0.0000,0.0000,0.0000,7768
-5794538.2394,-3302232.4955,-5797595.7206,-3304525.6064,0.0420,0.0002,0.0011,0.0001,0.0080,0.9487,7825
-7271301.6257,-3072921.4107,-7274359.1068,-3075214.5215,0.9989,0.0000,0.0001,0.0000,0.0000,0.0010,6121
-7237669.3333,-3056869.6348,-7240726.8144,-3059162.7456,0.9999,0.0000,0.0000,0.0000,0.0000,0.0001,6066
-7268244.1446,-3107318.0734,-7271301.6257,-3109611.1843,0.0034,0.8268,0.1363,0.0105,0.0146,0.0084,6287
-5711986.2489,-3134835.4036,-5715043.7300,-3137128.5144,0.9995,0.0000,0.0001,0.0000,0.0000,0.0004,6453
-5748676.0225,-3171525.1772,-5751733.5036,-3173818.2880,0.0050,0.0010,0.0021,0.0003,0.1700,0.8216,7145
-7280474.0691,-3095852.5192,-7283531.5502,-3098145.6300,0.9999,0.0000,0.0000,0.0000,0.0000,0.0001,6224
-5806768.1640,-3260956.5002,-5809825.6451,-3263249.6111,0.8056,0.0004,0.0007,0.0001,0.0018,0.1914,7563
-5800653.2017,-3260956.5002,-5803710.6828,-3263249.6111,0.0420,0.0002,0.0011,0.0001,0.0080,0.9487,7565
-5837342.9753,-3329749.8257,-5840400.4564,-3332042.9365,0.2896,0.0001,0.0002,0.0001,0.0012,0.7090,8012
-6002446.9563,-3552181.5780,-6005504.4375,-3554474.6888,1.0000,0.0000,0.0000,0.0000,0.0000,0.0000,8312
-6005504.4375,-3522371.1369,-6008561.9186,-3524664.2478,0.9999,0.0000,0.0000,0.0000,0.0000,0.0001,8162
-7222381.9276,-3020179.8612,-7225439.4087,-3022472.9720,0.9989,0.0000,0.0001,0.0000,0.0000,0.0010,5884
-7219324.4465,-3068335.1890,-7222381.9276,-3070628.2998,0.9999,0.0000,0.0000,0.0000,0.0000,0.0001,6109
-7252956.7389,-3086680.0758,-7256014.2200,-3088973.1866,0.0000,0.0006,0.9955,0.0002,0.0023,0.0014,6181
-5818998.0885,-3281594.4979,-5822055.5696,-3283887.6087,0.0445,0.0004,0.0020,0.0001,0.0050,0.9480,7657
-5840400.4564,-3304525.6064,-5843457.9375,-3306818.7172,0.8056,0.0004,0.0007,0.0001,0.0018,0.1914,7830
-5984102.0696,-3520078.0261,-5987159.5507,-3522371.1369,0.0433,0.0003,0.0014,0.0001,0.0063,0.9486,8156
-7231554.3710,-3036231.6371,-7234611.8521,-3038524.7480,0.9995,0.0000,0.0001,0.0000,0.0000,0.0004,6015
-7271301.6257,-3125662.9602,-7274359.1068,-3127956.0710,0.0007,0.0035,0.4838,0.0008,0.3826,0.1285,6365
-5770078.3904,-3194456.2856,-5773135.8715,-3196749.3965,0.9989,0.0000,0.0001,0.0000,0.0000,0.0010,7268
-5742561.0602,-3201335.6182,-5745618.5413,-3203628.7290,0.0433,0.0003,0.0014,0.0001,0.0063,0.9486,7296
-5754790.9847,-3215094.2833,-5757848.4659,-3217387.3941,0.0433,0.0003,0.0014,0.0001,0.0063,0.9486,7368
-5809825.6451,-3302232.4955,-5812883.1262,-3304525.6064,0.9742,0.0007,0.0014,0.0001,0.0012,0.0225,7820
-5858745.3432,-3329749.8257,-5861802.8243,-3332042.9365,1.0000,0.0000,0.0000,0.0000,0.0000,0.0000,8006
-7246841.7766,-3084386.9649,-7249899.2578,-3086680.0758,0.0019,0.1608,0.7307,0.0056,0.0539,0.0471,6173
-5708928.7678,-3130249.1819,-5711986.2489,-3132542.2927,0.9989,0.0000,0.0001,0.0000,0.0000,0.0010,6394
-5822055.5696,-3277008.2762,-5825113.0507,-3279301.3870,0.0045,0.0000,0.0001,0.0000,0.0009,0.9944,7638
-5815940.6073,-3286180.7196,-5818998.0885,-3288473.8304,0.9989,0.0000,0.0001,0.0000,0.0000,0.0010,7684
-5831228.0130,-3288473.8304,-5834285.4941,-3290766.9413,0.0003,0.0011,0.0104,0.0003,0.8810,0.1068,7697
-5794538.2394,-3297646.2738,-5797595.7206,-3299939.3847,0.0003,0.0011,0.0104,0.0003,0.8810,0.1068,7785
-5987159.5507,-3540716.0237,-5990217.0318,-3543009.1346,0.9989,0.0000,0.0000,0.0000,0.0000,0.0011,8259
-5993274.5129,-3552181.5780,-5996331.9941,-3554474.6888,0.9639,0.0000,0.0001,0.0000,0.0000,0.0360,8315
-5861802.8243,-3343508.4908,-5864860.3054,-3345801.6016,0.9999,0.0000,0.0000,0.0000,0.0000,0.0001,8074
-5733388.6168,-3199042.5073,-5736446.0979,-3201335.6182,0.0007,0.0035,0.4838,0.0008,0.3826,0.1285,7291
-5797595.7206,-3228852.9484,-5800653.2017,-3231146.0592,0.9989,0.0000,0.0001,0.0000,0.0000,0.0010,7440
-5779250.8338,-3265542.7219,-5782308.3149,-3267835.8328,0.9989,0.0000,0.0001,0.0000,0.0000,0.0010,7590
-5828170.5319,-3288473.8304,-5831228.0130,-3290766.9413,0.0050,0.0010,0.0021,0.0003,0.1700,0.8216,7698
-5974929.6262,-3549888.4671,-5977987.1073,-3552181.5780,1.0000,0.0000,0.0000,0.0000,0.0000,0.0000,8308
-7213209.4842,-3013300.5286,-7216266.9653,-3015593.6395,0.9989,0.0000,0.0001,0.0000,0.0000,0.0010,5857
-7237669.3333,-3054576.5239,-7240726.8144,-3056869.6348,0.9989,0.0000,0.0001,0.0000,0.0000,0.0010,6057
-7289646.5125,-3105024.9626,-7292703.9936,-3107318.0734,0.9989,0.0000,0.0001,0.0000,0.0000,0.0010,6269
-5736446.0979,-3164645.8446,-5739503.5791,-3166938.9555,0.0102,0.0027,0.0814,0.0007,0.0629,0.8421,6716
-5739503.5791,-3192163.1748,-5742561.0602,-3194456.2856,0.0433,0.0003,0.0014,0.0001,0.0063,0.9486,7265
-5699756.3244,-3144007.8470,-5702813.8055,-3146300.9578,0.9974,0.0000,0.0000,0.0000,0.0000,0.0025,6550
-5806768.1640,-3283887.6087,-5809825.6451,-3286180.7196,0.0007,0.0035,0.4838,0.0008,0.3826,0.1285,7670
-5846515.4187,-3313698.0498,-5849572.8998,-3315991.1606,0.0000,0.0008,0.9738,0.0003,0.0221,0.0031,7898
-5990217.0318,-3543009.1346,-5993274.5129,-3545302.2454,1.0000,0.0000,0.0000,0.0000,0.0000,0.0000,8271
-5974929.6262,-3559060.9105,-5977987.1073,-3561354.0214,1.0000,0.0000,0.0000,0.0000,0.0000,0.0000,8362
-7249899.2578,-3063748.9673,-7252956.7389,-3066042.0781,0.9989,0.0000,0.0001,0.0000,0.0000,0.0010,6090
-7268244.1446,-3095852.5192,-7271301.6257,-3098145.6300,0.9146,0.0005,0.0021,0.0002,0.0012,0.0814,6228
-5739503.5791,-3199042.5073,-5742561.0602,-3201335.6182,0.0433,0.0003,0.0014,0.0001,0.0063,0.9486,7289
-5739503.5791,-3201335.6182,-5742561.0602,-3203628.7290,0.9989,0.0000,0.0001,0.0000,0.0000,0.0010,7297
-5812883.1262,-3309111.8281,-5815940.6073,-3311404.9389,0.9989,0.0000,0.0001,0.0000,0.0000,0.0010,7878
-6005504.4375,-3538422.9129,-6008561.9186,-3540716.0237,0.0420,0.0002,0.0011,0.0001,0.0080,0.9487,8241
-5996331.9941,-3540716.0237,-5999389.4752,-3543009.1346,1.0000,0.0000,0.0000,0.0000,0.0000,0.0000,8256
-5993274.5129,-3531543.5803,-5996331.9941,-3533836.6912,0.0433,0.0003,0.0014,0.0001,0.0063,0.9486,8211
-7259071.7012,-3056869.6348,-7262129.1823,-3059162.7456,0.9995,0.0000,0.0001,0.0000,0.0000,0.0004,6061
-5727273.6546,-3150887.1795,-5730331.1357,-3153180.2904,0.9989,0.0000,0.0001,0.0000,0.0000,0.0010,6605
-7274359.1068,-3086680.0758,-7277416.5880,-3088973.1866,0.9989,0.0000,0.0001,0.0000,0.0000,0.0010,6176
-5690583.8810,-3148594.0687,-5693641.3621,-3150887.1795,0.9989,0.0000,0.0001,0.0000,0.0000,0.0010,6592
-5757848.4659,-3215094.2833,-5760905.9470,-3217387.3941,0.0050,0.0010,0.0021,0.0003,0.1700,0.8216,7367
-5791480.7583,-3288473.8304,-5794538.2394,-3290766.9413,0.9868,0.0006,0.0028,0.0001,0.0009,0.0088,7709
-5800653.2017,-3302232.4955,-5803710.6828,-3304525.6064,0.0150,0.0013,0.0310,0.0004,0.2390,0.7134,7823
-5837342.9753,-3345801.6016,-5840400.4564,-3348094.7125,0.9995,0.0000,0.0001,0.0000,0.0000,0.0004,8091
-7231554.3710,-3017886.7503,-7234611.8521,-3020179.8612,0.9140,0.0016,0.0125,0.0002,0.0211,0.0506,5873
-5996331.9941,-3547595.3563,-5999389.4752,-3549888.4671,0.0018,0.8752,0.1061,0.0059,0.0073,0.0037,8291
-7289646.5125,-3118783.6277,-7292703.9936,-3121076.7385,0.9995,0.0000,0.0001,0.0000,0.0000,0.0004,6330
-5767020.9093,-3226559.8375,-5770078.3904,-3228852.9484,0.0557,0.0070,0.1890,0.0012,0.4903,0.2567,7429
-5773135.8715,-3228852.9484,-5776193.3526,-3231146.0592,0.2990,0.0021,0.0124,0.0004,0.0314,0.6548,7442
-5990217.0318,-3554474.6888,-5993274.5129,-3556767.7997,0.9995,0.0000,0.0001,0.0000,0.0000,0.0004,8329
-7271301.6257,-3123369.8493,-7274359.1068,-3125662.9602,0.9868,0.0006,0.0028,0.0001,0.0009,0.0088,6355
-5748676.0225,-3196749.3965,-5751733.5036,-3199042.5073,0.0557,0.0070,0.1890,0.0012,0.4903,0.2567,7278
-5754790.9847,-3199042.5073,-5757848.4659,-3201335.6182,0.9868,0.0006,0.0028,0.0001,0.0009,0.0088,7284
-5763963.4281,-3212801.1724,-5767020.9093,-3215094.2833,0.0557,0.0070,0.1890,0.0012,0.4903,0.2567,7350
-5803710.6828,-3293060.0521,-5806768.1640,-3295353.1630,0.9868,0.0006,0.0028,0.0001,0.0009,0.0088,7743
-5815940.6073,-3322870.4931,-5818998.0885,-3325163.6040,0.2990,0.0021,0.0124,0.0004,0.0314,0.6548,7970
-5837342.9753,-3341215.3799,-5840400.4564,-3343508.4908,0.2990,0.0021,0.0124,0.0004,0.0314,0.6548,8070
-7167347.2672,-2976610.7551,-7170404.7484,-2978903.8659,0.9868,0.0006,0.0028,0.0001,0.0009,0.0088,5757
-7280474.0691,-3091266.2975,-7283531.5502,-3093559.4083,0.9868,0.0006,0.0028,0.0001,0.0009,0.0088,6198
-7249899.2578,-3091266.2975,-7252956.7389,-3093559.4083,0.0557,0.0070,0.1890,0.0012,0.4903,0.2567,6205
-5711986.2489,-3171525.1772,-5715043.7300,-3173818.2880,0.2990,0.0021,0.0124,0.0004,0.0314,0.6548,7157
-5791480.7583,-3215094.2833,-5794538.2394,-3217387.3941,0.9868,0.0006,0.0028,0.0001,0.0009,0.0088,7361
-5828170.5319,-3304525.6064,-5831228.0130,-3306818.7172,0.0557,0.0070,0.1890,0.0012,0.4903,0.2567,7834
-5855687.8621,-3322870.4931,-5858745.3432,-3325163.6040,0.2990,0.0021,0.0124,0.0004,0.0314,0.6548,7959
-5864860.3054,-3325163.6040,-5867917.7866,-3327456.7148,0.0557,0.0070,0.1890,0.0012,0.4903,0.2567,7973
-5852630.3809,-3338922.2691,-5855687.8621,-3341215.3799,0.9868,0.0006,0.0028,0.0001,0.0009,0.0088,8054
-5678353.9565,-3132542.2927,-5681411.4376,-3134835.4036,0.2990,0.0021,0.0124,0.0004,0.0314,0.6548,6441
-5715043.7300,-3162352.7338,-5718101.2112,-3164645.8446,0.9868,0.0006,0.0028,0.0001,0.0009,0.0088,6704
-5736446.0979,-3215094.2833,-5739503.5791,-3217387.3941,0.0557,0.0070,0.1890,0.0012,0.4903,0.2567,7374
-5828170.5319,-3297646.2738,-5831228.0130,-3299939.3847,0.2990,0.0021,0.0124,0.0004,0.0314,0.6548,7775
-5861802.8243,-3306818.7172,-5864860.3054,-3309111.8281,0.2990,0.0021,0.0124,0.0004,0.0314,0.6548,7849
-7234611.8521,-3049990.3022,-7237669.3333,-3052283.4131,0.8001,0.0053,0.0363,0.0005,0.0306,0.1272,6037
9216471.1212,3336318.6328,9213217.7702,3333055.7272,1.0000,0.0000,0.0000,0.0000,0.0000,0.0000,8440
9206691.9589,3342844.4441,9203429.0533,3339581.5385,0.9923,0.0012,0.0025,0.0001,0.0023,0.0016,8425
9216471.1212,3339581.5385,9213217.7702,3336318.6328,1.0000,0.0000,0.0000,0.0000,0.0000,0.0000,8434
9203429.0533,3342844.4441,9200166.1476,3339581.5385,0.9923,0.0012,0.0025,0.0001,0.0023,0.0016,8424
9216471.1212,3342844.4441,9213217.7702,3339581.5385,0.9923,0.0012,0.0025,0.0001,0.0023,0.0016,8428
9379539.9664,3339581.5385,9376277.0608,3336318.6328,0.9923,0.0012,0.0025,0.0001,0.0023,0.0016,8468
9209954.8646,3339581.5385,9206691.9589,3336318.6328,0.9923,0.0012,0.0025,0.0001,0.0023,0.0016,8432
9203429.0533,3336318.6328,9200166.1476,3333055.7272,0.9923,0.0012,0.0025,0.0001,0.0023,0.0016,8436
9206691.9589,3336318.6328,9203429.0533,3333055.7272,0.9923,0.0012,0.0025,0.0001,0.0023,0.0016,8437
9200166.1476,3339581.5385,9196903.2420,3336318.6328,0.9923,0.0012,0.0025,0.0001,0.0023,0.0016,8429
9203429.0533,3339581.5385,9200166.1476,3336318.6328,0.9923,0.0012,0.0025,0.0001,0.0023,0.0016,8430
9206691.9589,3339581.5385,9203429.0533,3336318.6328,0.9923,0.0012,0.0025,0.0001,0.0023,0.0016,8431
9213217.7702,3339581.5385,9209954.8646,3336318.6328,1.0000,0.0000,0.0000,0.0000,0.0000,0.0000,8433
9392582.0344,3316750.7536,9389328.6834,3313487.8479,1.0000,0.0000,0.0000,0.0000,0.0000,0.0000,8442
8909910.8647,3381980.2026,8906647.9591,3378717.2969,0.9690,0.0004,0.0021,0.0000,0.0025,0.0260,8678
8922952.9327,3395022.2705,8919699.5816,3391759.3649,0.9999,0.0000,0.0000,0.0000,0.0001,0.0000,8720
8936004.5552,3414590.1498,8932741.6496,3411327.2441,0.9953,0.0002,0.0008,0.0000,0.0014,0.0023,8969
8965351.5968,3476556.6931,8962088.6911,3473293.7875,0.9953,0.0002,0.0008,0.0000,0.0014,0.0023,9411
8903385.0534,3385243.1082,8900131.7024,3381980.2026,0.9970,0.0001,0.0002,0.0000,0.0002,0.0024,8547
8922952.9327,3375454.3913,8919699.5816,3372191.4857,0.0000,0.0004,0.9982,0.0000,0.0008,0.0006,8691
8906647.9591,3443946.7459,8903385.0534,3440683.8403,0.9121,0.0032,0.0342,0.0005,0.0169,0.0332,8754
8926215.8383,3352623.6064,8922952.9327,3349360.7008,0.9953,0.0001,0.0002,0.0000,0.0002,0.0042,8878
8978403.2194,3427632.2177,8975140.3137,3424378.8667,0.9971,0.0000,0.0001,0.0000,0.0001,0.0028,9361
8997971.0986,3427632.2177,8994708.1930,3424378.8667,0.9999,0.0000,0.0000,0.0000,0.0000,0.0001,9717
9092547.5892,3388496.4592,9089284.6835,3385243.1082,1.0000,0.0000,0.0000,0.0000,0.0000,0.0000,10536
8929478.7440,3368928.5800,8926215.8383,3365675.2290,0.0000,0.0002,0.9996,0.0000,0.0002,0.0000,8913
8926215.8383,3460251.7195,8922952.9327,3456988.8139,0.9995,0.0000,0.0000,0.0000,0.0000,0.0005,9020
8952309.5288,3450463.0026,8949046.6232,3447200.0970,1.0000,0.0000,0.0000,0.0000,0.0000,0.0000,9130
8968614.5024,3447200.0970,8965351.5968,3443946.7459,1.0000,0.0000,0.0000,0.0000,0.0000,0.0000,9394
8978403.2194,3505903.7347,8975140.3137,3502650.3837,1.0000,0.0000,0.0000,0.0000,0.0000,0.0000,9505
9059928.0873,3456988.8139,9056674.7363,3453725.9082,1.0000,0.0000,0.0000,0.0000,0.0000,0.0000,10457
8919699.5816,3352623.6064,8916436.6760,3349360.7008,0.0039,0.0003,0.0003,0.0001,0.0018,0.9936,8667
8906647.9591,3421115.9611,8903385.0534,3417853.0554,0.9993,0.0000,0.0000,0.0000,0.0001,0.0006,8734
8932741.6496,3395022.2705,8929478.7440,3391759.3649,1.0000,0.0000,0.0000,0.0000,0.0000,0.0000,8936
8952309.5288,3463514.6252,8949046.6232,3460251.7195,1.0000,0.0000,0.0000,0.0000,0.0000,0.0000,9110
8952309.5288,3456988.8139,8949046.6232,3453725.9082,1.0000,0.0000,0.0000,0.0000,0.0000,0.0000,9120
8971877.4081,3450463.0026,8968614.5024,3447200.0970,1.0000,0.0000,0.0000,0.0000,0.0000,0.0000,9389
8994708.1930,3447200.0970,8991445.2873,3443946.7459,0.9993,0.0000,0.0000,0.0000,0.0000,0.0006,9752
9007750.2609,3404810.9875,9004487.3553,3401548.0818,1.0000,0.0000,0.0000,0.0000,0.0000,0.0000,10010
8919699.5816,3483082.5044,8916436.6760,3479819.5988,0.9997,0.0000,0.0000,0.0000,0.0000,0.0003,8823
8929478.7440,3352623.6064,8926215.8383,3349360.7008,1.0000,0.0000,0.0000,0.0000,0.0000,0.0000,8879
8958835.3401,3479819.5988,8955572.4345,3476556.6931,0.9999,0.0000,0.0000,0.0000,0.0000,0.0001,9148
8988182.3817,3512429.5460,8984919.4760,3509166.6403,0.9438,0.0017,0.0082,0.0002,0.0096,0.0365,9846
9037106.8571,3463514.6252,9033843.9514,3460251.7195,1.0000,0.0000,0.0000,0.0000,0.0000,0.0000,10344
8978403.2194,3492861.6667,8975140.3137,3489598.7611,0.9995,0.0000,0.0001,0.0000,0.0000,0.0003,9457
9011013.1666,3417853.0554,9007750.2609,3414590.1498,1.0000,0.0000,0.0000,0.0000,0.0000,0.0000,10059
9004487.3553,3479819.5988,9001224.4496,3476556.6931,1.0000,0.0000,0.0000,0.0000,0.0000,0.0000,10159
8926215.8383,3417853.0554,8922952.9327,3414590.1498,1.0000,0.0000,0.0000,0.0000,0.0000,0.0000,8960
8971877.4081,3414590.1498,8968614.5024,3411327.2441,1.0000,0.0000,0.0000,0.0000,0.0000,0.0000,9316
8978403.2194,3456988.8139,8975140.3137,3453725.9082,0.9999,0.0000,0.0000,0.0000,0.0000,0.0001,9379
8965351.5968,3470030.8818,8962088.6911,3466767.9762,0.9995,0.0000,0.0000,0.0000,0.0000,0.0005,9423
9007750.2609,3450463.0026,9004487.3553,3447200.0970,1.0000,0.0000,0.0000,0.0000,0.0000,0.0000,10142
8932741.6496,3414590.1498,8929478.7440,3411327.2441,1.0000,0.0000,0.0000,0.0000,0.0000,0.0000,8968
8942520.8119,3434158.0290,8939267.4609,3430895.1234,0.9999,0.0000,0.0000,0.0000,0.0000,0.0001,9004
8942520.8119,3509166.6403,8939267.4609,3505903.7347,1.0000,0.0000,0.0000,0.0000,0.0000,0.0000,9066
9004487.3553,3424378.8667,9001224.4496,3421115.9611,0.9999,0.0000,0.0000,0.0000,0.0000,0.0001,10045
9011013.1666,3414590.1498,9007750.2609,3411327.2441,1.0000,0.0000,0.0000,0.0000,0.0000,0.0000,10065
9099063.8458,3391759.3649,9095810.4948,3388496.4592,1.0000,0.0000,0.0000,0.0000,0.0000,0.0000,10533
8877300.9175,3434158.0290,8874038.0119,3430895.1234,0.9995,0.0000,0.0000,0.0000,0.0000,0.0005,8536
8922952.9327,3398285.1762,8919699.5816,3395022.2705,0.9995,0.0000,0.0000,0.0000,0.0000,0.0005,8715
8926215.8383,3368928.5800,8922952.9327,3365675.2290,0.0184,0.0008,0.0089,0.0001,0.0165,0.9553,8912
8929478.7440,3460251.7195,8926215.8383,3456988.8139,0.9884,0.0001,0.0004,0.0000,0.0009,0.0102,9021
8968614.5024,3427632.2177,8965351.5968,3424378.8667,1.0000,0.0000,0.0000,0.0000,0.0000,0.0000,9358
8926215.8383,3342844.4441,8922952.9327,3339581.5385,0.0000,0.0001,0.9987,0.0000,0.0007,0.0005,8848
8942520.8119,3408064.3385,8939267.4609,3404810.9875,0.9988,0.0000,0.0000,0.0000,0.0001,0.0010,8983
8929478.7440,3476556.6931,8926215.8383,3473293.7875,0.9995,0.0000,0.0000,0.0000,0.0000,0.0005,9046
8971877.4081,3470030.8818,8968614.5024,3466767.9762,0.9996,0.0000,0.0000,0.0000,0.0000,0.0003,9425
8988182.3817,3443946.7459,8984919.4760,3440683.8403,0.9996,0.0000,0.0000,0.0000,0.0000,0.0003,9684
9011013.1666,3411327.2441,9007750.2609,3408064.3385,0.9992,0.0000,0.0000,0.0000,0.0001,0.0007,10071
9089284.6835,3414590.1498,9086021.7779,3411327.2441,1.0000,0.0000,0.0000,0.0000,0.0000,0.0000,10559
8916436.6760,3339581.5385,8913173.7704,3336318.6328,0.9066,0.0010,0.0030,0.0001,0.0072,0.0822,8645
8916436.6760,3463514.6252,8913173.7704,3460251.7195,0.9988,0.0000,0.0000,0.0000,0.0001,0.0010,8790
8919699.5816,3476556.6931,8916436.6760,3473293.7875,1.0000,0.0000,0.0000,0.0000,0.0000,0.0000,8830
8981656.5704,3378717.2969,8978403.2194,3375454.3913,0.9490,0.0003,0.0007,0.0000,0.0021,0.0478,9264
9024055.2345,3476556.6931,9020792.3289,3473293.7875,0.9971,0.0001,0.0006,0.0000,0.0002,0.0020,10386
8997971.0986,3349360.7008,8994708.1930,3346107.3498,0.9988,0.0000,0.0000,0.0000,0.0001,0.0010,9574
8991445.2873,3430895.1234,8988182.3817,3427632.2177,0.9996,0.0000,0.0000,0.0000,0.0000,0.0003,9709
8991445.2873,3496124.5724,8988182.3817,3492861.6667,0.9988,0.0000,0.0000,0.0000,0.0001,0.0010,9805
8932741.6496,3365675.2290,8929478.7440,3362412.3233,0.0893,0.0035,0.0078,0.0003,0.0232,0.8760,8857
8949046.6232,3502650.3837,8945783.7175,3499387.4780,0.9406,0.0004,0.0010,0.0000,0.0029,0.0551,9175
8968614.5024,3414590.1498,8965351.5968,3411327.2441,1.0000,0.0000,0.0000,0.0000,0.0000,0.0000,9315
8997971.0986,3414590.1498,8994708.1930,3411327.2441,0.9988,0.0000,0.0000,0.0000,0.0001,0.0010,9669
8988182.3817,3408064.3385,8984919.4760,3404810.9875,0.9988,0.0000,0.0000,0.0000,0.0001,0.0010,9678
8922952.9327,3430895.1234,8919699.5816,3427632.2177,0.9663,0.0012,0.0053,0.0001,0.0069,0.0201,8781
8936004.5552,3434158.0290,8932741.6496,3430895.1234,0.7686,0.0077,0.0357,0.0007,0.0461,0.1413,9002
8958835.3401,3456988.8139,8955572.4345,3453725.9082,0.9884,0.0001,0.0004,0.0000,0.0009,0.0102,9122
9007750.2609,3430895.1234,9004487.3553,3427632.2177,0.9992,0.0002,0.0002,0.0000,0.0003,0.0002,10106
8913173.7704,3362412.3233,8909910.8647,3359149.4177,0.9292,0.0019,0.0131,0.0002,0.0111,0.0445,8659
9017538.9778,3551565.3044,9014276.0722,3548302.3988,0.9292,0.0019,0.0131,0.0002,0.0111,0.0445,10319
8981656.5704,3496124.5724,8978403.2194,3492861.6667,0.9881,0.0001,0.0005,0.0000,0.0009,0.0103,9452
9030581.0458,3453725.9082,9027318.1401,3450463.0026,1.0000,0.0000,0.0000,0.0000,0.0000,0.0000,10358
9017538.9778,3385243.1082,9014276.0722,3381980.2026,0.9881,0.0001,0.0005,0.0000,0.0009,0.0103,9994
8975140.3137,3385243.1082,8971877.4081,3381980.2026,0.9998,0.0000,0.0000,0.0000,0.0000,0.0001,9253
8900131.7024,3450463.0026,8896868.7968,3447200.0970,0.8940,0.0010,0.0043,0.0001,0.0068,0.0937,8632
8887080.0798,3414590.1498,8883817.1742,3411327.2441,0.9881,0.0001,0.0005,0.0000,0.0009,0.0103,8582
8909910.8647,3368928.5800,8906647.9591,3365675.2290,0.0052,0.0064,0.9552,0.0006,0.0172,0.0154,8699
9007750.2609,3421115.9611,9004487.3553,3417853.0554,0.9877,0.0001,0.0004,0.0000,0.0010,0.0108,10052
9017538.9778,3479819.5988,9014276.0722,3476556.6931,0.8940,0.0010,0.0043,0.0001,0.0068,0.0937,10163
9392582.0344,3310224.9423,9389328.6834,3306971.5913,0.9998,0.0000,0.0001,0.0000,0.0000,0.0000,8454
9376277.0608,3333055.7272,9373014.1551,3329792.8215,0.9986,0.0001,0.0002,0.0000,0.0003,0.0008,8479
9200166.1476,3342844.4441,9196903.2420,3339581.5385,0.9923,0.0012,0.0025,0.0001,0.0023,0.0016,8423
9213217.7702,3342844.4441,9209954.8646,3339581.5385,0.9923,0.0012,0.0025,0.0001,0.0023,0.0016,8427
9200166.1476,3336318.6328,9196903.2420,3333055.7272,0.9923,0.0012,0.0025,0.0001,0.0023,0.0016,8435
9209954.8646,3336318.6328,9206691.9589,3333055.7272,0.9923,0.0012,0.0025,0.0001,0.0023,0.0016,8438
8906647.9591,3395022.2705,8903385.0534,3391759.3649,0.9472,0.0005,0.0020,0.0000,0.0032,0.0470,8716
8994708.1930,3476556.6931,8991445.2873,3473293.7875,0.9645,0.0012,0.0069,0.0001,0.0069,0.0203,9770
8952309.5288,3476556.6931,8949046.6232,3473293.7875,0.9998,0.0000,0.0000,0.0000,0.0000,0.0001,9152
8939267.4609,3365675.2290,8936004.5552,3362412.3233,0.9991,0.0002,0.0003,0.0000,0.0003,0.0002,8859
8988182.3817,3460251.7195,8984919.4760,3456988.8139,0.8940,0.0010,0.0043,0.0001,0.0068,0.0937,9726
9392582.0344,3313487.8479,9389328.6834,3310224.9423,0.9953,0.0004,0.0014,0.0000,0.0012,0.0016,8448
9379539.9664,3336318.6328,9376277.0608,3333055.7272,0.9923,0.0012,0.0025,0.0001,0.0023,0.0016,8474
8981656.5704,3473293.7875,8978403.2194,3470030.8818,0.9962,0.0002,0.0005,0.0000,0.0009,0.0022,9422
8984919.4760,3421115.9611,8981656.5704,3417853.0554,0.9645,0.0012,0.0069,0.0001,0.0069,0.0203,9653
9053411.8307,3476556.6931,9050148.9250,3473293.7875,0.6004,0.0010,0.0040,0.0001,0.0082,0.3862,10488
8984919.4760,3456988.8139,8981656.5704,3453725.9082,0.9999,0.0000,0.0000,0.0000,0.0000,0.0000,9731
8994708.1930,3489598.7611,8991445.2873,3486335.8554,0.9645,0.0012,0.0069,0.0001,0.0069,0.0203,9818
8877300.9175,3437420.9347,8874038.0119,3434158.0290,0.7395,0.0014,0.0069,0.0001,0.0106,0.2415,8532
9017538.9778,3437420.9347,9014276.0722,3434158.0290,0.2954,0.0185,0.1173,0.0017,0.1185,0.4484,10097
8922952.9327,3352623.6064,8919699.5816,3349360.7008,0.9999,0.0000,0.0000,0.0000,0.0000,0.0001,8668
8913173.7704,3375454.3913,8909910.8647,3372191.4857,0.8162,0.0059,0.0538,0.0005,0.0433,0.0803,8690
8936004.5552,3385243.1082,8932741.6496,3381980.2026,0.9871,0.0001,0.0005,0.0000,0.0010,0.0112,8887
9004487.3553,3437420.9347,9001224.4496,3434158.0290,1.0000,0.0000,0.0000,0.0000,0.0000,0.0000,10093
9046886.0194,3450463.0026,9043623.1137,3447200.0970,0.7874,0.0003,0.0004,0.0000,0.0009,0.2111,10465
9086021.7779,3421115.9611,9082758.8722,3417853.0554,0.9942,0.0000,0.0000,0.0000,0.0001,0.0056,10546
8994708.1930,3483082.5044,8991445.2873,3479819.5988,0.9923,0.0012,0.0025,0.0001,0.0023,0.0016,9758
9017538.9778,3306971.5913,9014276.0722,3303708.6856,0.0019,0.0033,0.0785,0.0003,0.7989,0.1170,9930
8906647.9591,3453725.9082,8903385.0534,3450463.0026,0.9998,0.0000,0.0000,0.0000,0.0000,0.0001,8805
8932741.6496,3437420.9347,8929478.7440,3434158.0290,0.8940,0.0010,0.0043,0.0001,0.0068,0.0937,8996
8962088.6911,3443946.7459,8958835.3401,3440683.8403,0.8940,0.0010,0.0043,0.0001,0.0068,0.0937,9092
8994708.1930,3424378.8667,8991445.2873,3421115.9611,0.9986,0.0001,0.0002,0.0000,0.0003,0.0008,9650
9011013.1666,3333055.7272,9007750.2609,3329792.8215,0.3325,0.0195,0.2150,0.0018,0.1293,0.3019,9973
8890342.9855,3414590.1498,8887080.0798,3411327.2441,0.8940,0.0010,0.0043,0.0001,0.0068,0.0937,8583
8939267.4609,3447200.0970,8936004.5552,3443946.7459,0.8940,0.0010,0.0043,0.0001,0.0068,0.0937,9039
8942520.8119,3512429.5460,8939267.4609,3509166.6403,0.8940,0.0010,0.0043,0.0001,0.0068,0.0937,9064
8978403.2194,3365675.2290,8975140.3137,3362412.3233,0.9986,0.0001,0.0002,0.0000,0.0003,0.0008,9241
8971877.4081,3483082.5044,8968614.5024,3479819.5988,0.9998,0.0000,0.0000,0.0000,0.0000,0.0001,9401
8883817.1742,3427632.2177,8880563.8232,3424378.8667,0.8940,0.0010,0.0043,0.0001,0.0068,0.0937,8545
8922952.9327,3479819.5988,8919699.5816,3476556.6931,0.8940,0.0010,0.0043,0.0001,0.0068,0.0937,8827
8916436.6760,3466767.9762,8913173.7704,3463514.6252,0.9986,0.0000,0.0001,0.0000,0.0001,0.0012,8842
8981656.5704,3476556.6931,8978403.2194,3473293.7875,0.9998,0.0000,0.0000,0.0000,0.0000,0.0001,9416
9004487.3553,3352623.6064,9001224.4496,3349360.7008,0.9986,0.0000,0.0000,0.0000,0.0001,0.0012,9985
9086021.7779,3411327.2441,9082758.8722,3408064.3385,1.0000,0.0000,0.0000,0.0000,0.0000,0.0000,10564
8965351.5968,3483082.5044,8962088.6911,3479819.5988,0.9958,0.0002,0.0038,0.0000,0.0001,0.0001,9399
8994708.1930,3525471.6139,8991445.2873,3522218.2629,0.9956,0.0002,0.0011,0.0000,0.0006,0.0026,9896
8984919.4760,3548302.3988,8981656.5704,3545039.4932,0.9624,0.0012,0.0082,0.0001,0.0055,0.0226,9915
9011013.1666,3316750.7536,9007750.2609,3313487.8479,0.9855,0.0001,0.0009,0.0000,0.0005,0.0129,9948
9004487.3553,3518955.3573,9001224.4496,3515692.4516,0.9984,0.0001,0.0004,0.0000,0.0002,0.0009,10231
9046886.0194,3473293.7875,9043623.1137,3470030.8818,0.9999,0.0000,0.0000,0.0000,0.0000,0.0000,10490
9011013.1666,3443946.7459,9007750.2609,3440683.8403,0.9999,0.0000,0.0000,0.0000,0.0000,0.0001,10083
9014276.0722,3483082.5044,9011013.1666,3479819.5988,1.0000,0.0000,0.0000,0.0000,0.0000,0.0000,10156
9011013.1666,3470030.8818,9007750.2609,3466767.9762,1.0000,0.0000,0.0000,0.0000,0.0000,0.0000,10179
9089284.6835,3398285.1762,9086021.7779,3395022.2705,1.0000,0.0000,0.0000,0.0000,0.0000,0.0000,10519
8919699.5816,3339581.5385,8916436.6760,3336318.6328,0.4191,0.0080,0.0671,0.0007,0.0547,0.4504,8646
8919699.5816,3463514.6252,8916436.6760,3460251.7195,0.9873,0.0002,0.0013,0.0000,0.0011,0.0100,8791
9007750.2609,3381980.2026,9004487.3553,3378717.2969,0.9943,0.0002,0.0009,0.0000,0.0011,0.0035,9997
8896868.7968,3421115.9611,8893605.8911,3417853.0554,0.9306,0.0014,0.0106,0.0001,0.0088,0.0485,8573
9014276.0722,3509166.6403,9011013.1666,3505903.7347,0.9517,0.0013,0.0089,0.0001,0.0075,0.0305,10252
8942520.8119,3417853.0554,8939267.4609,3414590.1498,0.9998,0.0000,0.0000,0.0000,0.0000,0.0001,8965
9007750.2609,3492861.6667,9004487.3553,3489598.7611,0.9989,0.0002,0.0003,0.0000,0.0003,0.0002,10208
9020792.3289,3571133.1837,9017538.9778,3567870.2780,0.9517,0.0013,0.0089,0.0001,0.0075,0.0305,10334
9011013.1666,3567870.2780,9007750.2609,3564607.3724,0.9517,0.0013,0.0089,0.0001,0.0075,0.0305,10335
9046886.0194,3476556.6931,9043623.1137,3473293.7875,0.9741,0.0003,0.0015,0.0000,0.0056,0.0185,10486
8883817.1742,3421115.9611,8880563.8232,3417853.0554,0.9989,0.0002,0.0003,0.0000,0.0003,0.0002,8526
8883817.1742,3434158.0290,8880563.8232,3430895.1234,0.9517,0.0013,0.0089,0.0001,0.0075,0.0305,8538
8880563.8232,3430895.1234,8877300.9175,3427632.2177,0.5207,0.0089,0.0681,0.0008,0.0566,0.3448,8541
8936004.5552,3375454.3913,8932741.6496,3372191.4857,0.9715,0.0005,0.0072,0.0000,0.0032,0.0176,8903
8906647.9591,3378717.2969,8903385.0534,3375454.3913,0.2122,0.0057,0.0584,0.0005,0.0415,0.6816,8683
8896868.7968,3443946.7459,8893605.8911,3440683.8403,0.1498,0.0063,0.0231,0.0006,0.0445,0.7758,8594
8906647.9591,3414590.1498,8903385.0534,3411327.2441,0.8630,0.0017,0.0062,0.0002,0.0118,0.1172,8743
8929478.7440,3398285.1762,8926215.8383,3395022.2705,0.9959,0.0002,0.0005,0.0000,0.0010,0.0024,8931
8945783.7175,3359149.4177,8942520.8119,3355886.5121,0.9622,0.0012,0.0067,0.0001,0.0076,0.0222,9072
8971877.4081,3440683.8403,8968614.5024,3437420.9347,0.9622,0.0012,0.0067,0.0001,0.0076,0.0222,9335
8971877.4081,3512429.5460,8968614.5024,3509166.6403,0.9959,0.0002,0.0005,0.0000,0.0010,0.0024,9491
9001224.4496,3398285.1762,8997971.0986,3395022.2705,0.9959,0.0002,0.0005,0.0000,0.0010,0.0024,9628
8997971.0986,3499387.4780,8994708.1930,3496124.5724,0.9622,0.0012,0.0067,0.0001,0.0076,0.0222,9801
9020792.3289,3473293.7875,9017538.9778,3470030.8818,0.9956,0.0002,0.0007,0.0000,0.0011,0.0025,10176
8903385.0534,3411327.2441,8900131.7024,3408064.3385,0.9959,0.0002,0.0005,0.0000,0.0010,0.0024,8589
8919699.5816,3434158.0290,8916436.6760,3430895.1234,0.9959,0.0002,0.0005,0.0000,0.0010,0.0024,8774
8936004.5552,3395022.2705,8932741.6496,3391759.3649,0.3970,0.0060,0.0375,0.0006,0.0412,0.5178,8937
8936004.5552,3437420.9347,8932741.6496,3434158.0290,0.9622,0.0012,0.0067,0.0001,0.0076,0.0222,8997
8988182.3817,3463514.6252,8984919.4760,3460251.7195,0.9959,0.0002,0.0005,0.0000,0.0010,0.0024,9720
8945783.7175,3414590.1498,8942520.8119,3411327.2441,0.9649,0.0013,0.0050,0.0001,0.0074,0.0213,9082
9004487.3553,3522218.2629,9001224.4496,3518955.3573,0.9956,0.0002,0.0007,0.0000,0.0011,0.0025,10225
9001224.4496,3346107.3498,8997971.0986,3342844.4441,0.3970,0.0060,0.0375,0.0006,0.0412,0.5178,9542
9017538.9778,3509166.6403,9014276.0722,3505903.7347,0.9622,0.0012,0.0067,0.0001,0.0076,0.0222,10253
8978403.2194,3375454.3913,8975140.3137,3372191.4857,0.9649,0.0013,0.0050,0.0001,0.0074,0.0213,9267
8932741.6496,3456988.8139,8929478.7440,3453725.9082,0.0845,0.0038,0.0832,0.0003,0.0270,0.8011,9025
8978403.2194,3355886.5121,8975140.3137,3352623.6064,0.9992,0.0002,0.0002,0.0000,0.0003,0.0002,9247
9037106.8571,3460251.7195,9033843.9514,3456988.8139,0.9959,0.0002,0.0005,0.0000,0.0010,0.0024,10348
8945783.7175,3424378.8667,8942520.8119,3421115.9611,0.9622,0.0012,0.0067,0.0001,0.0076,0.0222,9075
9020792.3289,3421115.9611,9017538.9778,3417853.0554,0.9991,0.0002,0.0003,0.0000,0.0003,0.0002,10056
8942520.8119,3496124.5724,8939267.4609,3492861.6667,0.9992,0.0002,0.0002,0.0000,0.0003,0.0002,9060
8922952.9327,3434158.0290,8919699.5816,3430895.1234,0.9622,0.0012,0.0067,0.0001,0.0076,0.0222,8775
9095810.4948,3388496.4592,9092547.5892,3385243.1082,0.9959,0.0001,0.0003,0.0000,0.0022,0.0014,10537
8978403.2194,3525471.6139,8975140.3137,3522218.2629,0.9622,0.0012,0.0067,0.0001,0.0076,0.0222,9532
8997971.0986,3437420.9347,8994708.1930,3434158.0290,0.9923,0.0012,0.0025,0.0001,0.0023,0.0016,9699
8997971.0986,3430895.1234,8994708.1930,3427632.2177,0.9923,0.0012,0.0025,0.0001,0.0023,0.0016,9711
9007750.2609,3333055.7272,9004487.3553,3329792.8215,0.5699,0.0158,0.0327,0.0014,0.3347,0.0456,9972
8997971.0986,3460251.7195,8994708.1930,3456988.8139,0.9923,0.0012,0.0025,0.0001,0.0023,0.0016,9729
8903385.0534,3460251.7195,8900131.7024,3456988.8139,0.5699,0.0158,0.0327,0.0014,0.3347,0.0456,8627
8981656.5704,3362412.3233,8978403.2194,3359149.4177,0.9923,0.0012,0.0025,0.0001,0.0023,0.0016,9244
8988182.3817,3483082.5044,8984919.4760,3479819.5988,0.9923,0.0012,0.0025,0.0001,0.0023,0.0016,9756
8949046.6232,3362412.3233,8945783.7175,3359149.4177,0.2113,0.0047,0.0098,0.0004,0.0133,0.7604,9071
8971877.4081,3531997.4252,8968614.5024,3528734.5196,0.9923,0.0012,0.0025,0.0001,0.0023,0.0016,9518
9425201.5362,3205869.2894,9421938.6306,3202606.3838,0.9929,0.0000,0.0001,0.0000,0.0006,0.0065,10664
9451285.6721,3248267.9536,9448032.3211,3245005.0479,1.0000,0.0000,0.0000,0.0000,0.0000,0.0000,10873
8903385.0534,3404810.9875,8900131.7024,3401548.0818,0.1408,0.0104,0.0068,0.0008,0.8369,0.0042,8554
8978403.2194,3395022.2705,8975140.3137,3391759.3649,0.9996,0.0001,0.0001,0.0000,0.0001,0.0000,9284
9001224.4496,3359149.4177,8997971.0986,3355886.5121,0.9996,0.0001,0.0001,0.0000,0.0001,0.0000,9563
9007750.2609,3489598.7611,9004487.3553,3486335.8554,0.9996,0.0001,0.0001,0.0000,0.0001,0.0000,10214
9056674.7363,3453725.9082,9053411.8307,3450463.0026,0.9923,0.0012,0.0025,0.0001,0.0023,0.0016,10462
9043623.1137,3450463.0026,9040360.2081,3447200.0970,0.9996,0.0001,0.0001,0.0000,0.0001,0.0000,10464
9092547.5892,3391759.3649,9089284.6835,3388496.4592,0.9996,0.0001,0.0001,0.0000,0.0001,0.0000,10531
9448032.3211,3251521.3046,9444769.4154,3248267.9536,1.0000,0.0000,0.0000,0.0000,0.0000,0.0000,10938
9464337.2947,3248267.9536,9461074.3890,3245005.0479,1.0000,0.0000,0.0000,0.0000,0.0000,0.0000,11101
9490421.4306,3254784.2102,9487168.0796,3251521.3046,1.0000,0.0000,0.0000,0.0000,0.0000,0.0000,11431
9506735.9588,3163470.6253,9503473.0532,3160207.7197,1.0000,0.0000,0.0000,0.0000,0.0000,0.0000,11484
9503473.0532,3173249.7876,9500210.1475,3169996.4366,1.0000,0.0000,0.0000,0.0000,0.0000,0.0000,11536
9523040.9324,3183038.5046,9519778.0267,3179775.5989,1.0000,0.0000,0.0000,0.0000,0.0000,0.0000,11623
9526303.8380,3215648.4517,9523040.9324,3212385.5461,1.0000,0.0000,0.0000,0.0000,0.0000,0.0000,11694
9490421.4306,3274352.0895,9487168.0796,3271089.1838,1.0000,0.0000,0.0000,0.0000,0.0000,0.0000,11461
9461074.3890,3209132.1951,9457811.4834,3205869.2894,1.0000,0.0000,0.0000,0.0000,0.0000,0.0000,11029
9503473.0532,3186301.4102,9500210.1475,3183038.5046,1.0000,0.0000,0.0000,0.0000,0.0000,0.0000,11513
9500210.1475,3258047.1159,9496947.2419,3254784.2102,1.0000,0.0000,0.0000,0.0000,0.0000,0.0000,11594
9526303.8380,3267835.8328,9523040.9324,3264572.9272,0.9959,0.0000,0.0003,0.0000,0.0001,0.0037,11741
9532820.0947,3231953.4253,9529557.1891,3228700.0743,1.0000,0.0000,0.0000,0.0000,0.0000,0.0000,11869
9428464.4418,3196080.5725,9425201.5362,3192817.6669,0.0003,0.0005,0.9943,0.0001,0.0026,0.0023,10683
9421938.6306,3225437.1687,9418675.7249,3222174.2630,1.0000,0.0000,0.0000,0.0000,0.0000,0.0000,10698
9467600.2003,3166733.5310,9464337.2947,3163470.6253,1.0000,0.0000,0.0000,0.0000,0.0000,0.0000,10985
9467600.2003,3212385.5461,9464337.2947,3209132.1951,1.0000,0.0000,0.0000,0.0000,0.0000,0.0000,11096
9454548.5777,3287403.7120,9451285.6721,3284140.8064,0.9994,0.0000,0.0000,0.0000,0.0000,0.0005,11170
9526303.8380,3205869.2894,9523040.9324,3202606.3838,1.0000,0.0000,0.0000,0.0000,0.0000,0.0000,11643
9519778.0267,3228700.0743,9516515.1211,3225437.1687,0.9761,0.0003,0.0147,0.0000,0.0034,0.0055,11668
9532820.0947,3222174.2630,9529557.1891,3218911.3574,1.0000,0.0000,0.0000,0.0000,0.0000,0.0000,11835
9532820.0947,3183038.5046,9529557.1891,3179775.5989,1.0000,0.0000,0.0000,0.0000,0.0000,0.0000,11777
9444769.4154,3153681.9084,9441506.5098,3150428.5574,1.0000,0.0000,0.0000,0.0000,0.0000,0.0000,10758
9470853.5513,3231953.4253,9467600.2003,3228700.0743,0.9965,0.0000,0.0003,0.0000,0.0009,0.0023,11133
9487168.0796,3163470.6253,9483905.1739,3160207.7197,0.0000,0.0000,0.0000,0.0000,0.9722,0.0278,11238
9477379.3626,3179775.5989,9474116.4570,3176512.6933,0.9515,0.0004,0.0058,0.0000,0.0128,0.0295,11277
9500210.1475,3166733.5310,9496947.2419,3163470.6253,1.0000,0.0000,0.0000,0.0000,0.0000,0.0000,11476
9496947.2419,3238479.2366,9493684.3362,3235216.3310,1.0000,0.0000,0.0000,0.0000,0.0000,0.0000,11558
9532820.0947,3225437.1687,9529557.1891,3222174.2630,1.0000,0.0000,0.0000,0.0000,0.0000,0.0000,11831
9418675.7249,3225437.1687,9415412.8193,3222174.2630,1.0000,0.0000,0.0000,0.0000,0.0000,0.0000,10697
9448032.3211,3248267.9536,9444769.4154,3245005.0479,0.9999,0.0000,0.0000,0.0000,0.0000,0.0001,10872
9477379.3626,3245005.0479,9474116.4570,3241742.1423,0.9993,0.0000,0.0000,0.0000,0.0001,0.0006,11373
9500210.1475,3183038.5046,9496947.2419,3179775.5989,1.0000,0.0000,0.0000,0.0000,0.0000,0.0000,11518
9523040.9324,3222174.2630,9519778.0267,3218911.3574,0.9999,0.0000,0.0000,0.0000,0.0000,0.0001,11681
9545871.7173,3186301.4102,9542608.8116,3183038.5046,0.0000,0.0000,0.0002,0.0000,0.0002,0.9997,11775
9545871.7173,3183038.5046,9542608.8116,3179775.5989,0.0000,0.0000,0.0000,0.0000,0.0000,1.0000,11781
9448032.3211,3196080.5725,9444769.4154,3192817.6669,1.0000,0.0000,0.0000,0.0000,0.0000,0.0000,10824
9448032.3211,3192817.6669,9444769.4154,3189564.3158,1.0000,0.0000,0.0000,0.0000,0.0000,0.0000,10830
9434980.6985,3215648.4517,9431717.7929,3212385.5461,1.0000,0.0000,0.0000,0.0000,0.0000,0.0000,10856
9457811.4834,3179775.5989,9454548.5777,3176512.6933,1.0000,0.0000,0.0000,0.0000,0.0000,0.0000,11013
9464337.2947,3258047.1159,9461074.3890,3254784.2102,1.0000,0.0000,0.0000,0.0000,0.0000,0.0000,11155
9500210.1475,3189564.3158,9496947.2419,3186301.4102,1.0000,0.0000,0.0000,0.0000,0.0000,0.0000,11506
9539345.9060,3186301.4102,9536083.0003,3183038.5046,1.0000,0.0000,0.0000,0.0000,0.0000,0.0000,11773
9545871.7173,3245005.0479,9542608.8116,3241742.1423,1.0000,0.0000,0.0000,0.0000,0.0000,0.0000,11855
9425201.5362,3212385.5461,9421938.6306,3209132.1951,0.4140,0.0006,0.0211,0.0000,0.0491,0.5152,10723
9448032.3211,3173249.7876,9444769.4154,3169996.4366,1.0000,0.0000,0.0000,0.0000,0.0000,0.0000,10794
9509989.3098,3169996.4366,9506735.9588,3166733.5310,0.9999,0.0000,0.0000,0.0000,0.0001,0.0000,11473
9506735.9588,3156944.8140,9503473.0532,3153681.9084,1.0000,0.0000,0.0000,0.0000,0.0000,0.0000,11496
9493684.3362,3173249.7876,9490421.4306,3169996.4366,0.9997,0.0000,0.0000,0.0000,0.0002,0.0000,11533
9532820.0947,3196080.5725,9529557.1891,3192817.6669,1.0000,0.0000,0.0000,0.0000,0.0000,0.0000,11817
9448032.3211,3271089.1838,9444769.4154,3267835.8328,1.0000,0.0000,0.0000,0.0000,0.0000,0.0000,10974
9461074.3890,3215648.4517,9457811.4834,3212385.5461,1.0000,0.0000,0.0000,0.0000,0.0000,0.0000,11088
9464337.2947,3212385.5461,9461074.3890,3209132.1951,1.0000,0.0000,0.0000,0.0000,0.0000,0.0000,11095
9470853.5513,3280877.9008,9467600.2003,3277614.9951,1.0000,0.0000,0.0000,0.0000,0.0000,0.0000,11187
9474116.4570,3156944.8140,9470853.5513,3153681.9084,1.0000,0.0000,0.0000,0.0000,0.0000,0.0000,11246
9477379.3626,3173249.7876,9474116.4570,3169996.4366,0.9979,0.0000,0.0001,0.0000,0.0000,0.0020,11289
9477379.3626,3231953.4253,9474116.4570,3228700.0743,0.9998,0.0000,0.0000,0.0000,0.0000,0.0001,11397
9513252.2155,3183038.5046,9509989.3098,3179775.5989,1.0000,0.0000,0.0000,0.0000,0.0000,0.0000,11620
9519778.0267,3212385.5461,9516515.1211,3209132.1951,1.0000,0.0000,0.0000,0.0000,0.0000,0.0000,11698
9523040.9324,3248267.9536,9519778.0267,3245005.0479,1.0000,0.0000,0.0000,0.0000,0.0000,0.0000,11705
9428464.4418,3202606.3838,9425201.5362,3199343.4782,1.0000,0.0000,0.0000,0.0000,0.0000,0.0000,10671
9467600.2003,3205869.2894,9464337.2947,3202606.3838,1.0000,0.0000,0.0000,0.0000,0.0000,0.0000,11037
9467600.2003,3261310.0215,9464337.2947,3258047.1159,1.0000,0.0000,0.0000,0.0000,0.0000,0.0000,11150
9487168.0796,3222174.2630,9483905.1739,3218911.3574,1.0000,0.0000,0.0000,0.0000,0.0000,0.0000,11346
9480642.2683,3241742.1423,9477379.3626,3238479.2366,0.0000,0.0000,0.9999,0.0000,0.0000,0.0000,11380
9480642.2683,3267835.8328,9477379.3626,3264572.9272,0.9999,0.0000,0.0000,0.0000,0.0000,0.0001,11404
9500210.1475,3248267.9536,9496947.2419,3245005.0479,1.0000,0.0000,0.0000,0.0000,0.0000,0.0000,11541
9506735.9588,3264572.9272,9503473.0532,3261310.0215,1.0000,0.0000,0.0000,0.0000,0.0000,0.0000,11585
9513252.2155,3202606.3838,9509989.3098,3199343.4782,1.0000,0.0000,0.0000,0.0000,0.0000,0.0000,11645
9513252.2155,3251521.3046,9509989.3098,3248267.9536,1.0000,0.0000,0.0000,0.0000,0.0000,0.0000,11760
9431717.7929,3212385.5461,9428464.4418,3209132.1951,1.0000,0.0000,0.0000,0.0000,0.0000,0.0000,10725
9441506.5098,3205869.2894,9438243.6041,3202606.3838,1.0000,0.0000,0.0000,0.0000,0.0000,0.0000,10804
9441506.5098,3199343.4782,9438243.6041,3196080.5725,1.0000,0.0000,0.0000,0.0000,0.0000,0.0000,10816
9441506.5098,3248267.9536,9438243.6041,3245005.0479,1.0000,0.0000,0.0000,0.0000,0.0000,0.0000,10870
9454548.5777,3231953.4253,9451285.6721,3228700.0743,1.0000,0.0000,0.0000,0.0000,0.0000,0.0000,11128
9457811.4834,3251521.3046,9454548.5777,3248267.9536,1.0000,0.0000,0.0000,0.0000,0.0000,0.0000,11165
9513252.2155,3186301.4102,9509989.3098,3183038.5046,1.0000,0.0000,0.0000,0.0000,0.0000,0.0000,11614
9516515.1211,3267835.8328,9513252.2155,3264572.9272,0.9920,0.0000,0.0030,0.0000,0.0002,0.0047,11739
9532820.0947,3212385.5461,9529557.1891,3209132.1951,0.9998,0.0000,0.0000,0.0000,0.0002,0.0000,11845
9415412.8193,3222174.2630,9412149.9136,3218911.3574,1.0000,0.0000,0.0000,0.0000,0.0000,0.0000,10702
9434980.6985,3176512.6933,9431717.7929,3173249.7876,0.9998,0.0000,0.0000,0.0000,0.0000,0.0002,10784
9441506.5098,3192817.6669,9438243.6041,3189564.3158,0.0000,0.0000,0.0001,0.0000,0.0001,0.9998,10828
9434980.6985,3258047.1159,9431717.7929,3254784.2102,1.0000,0.0000,0.0000,0.0000,0.0000,0.0000,10922
9483905.1739,3189564.3158,9480642.2683,3186301.4102,1.0000,0.0000,0.0000,0.0000,0.0000,0.0000,11261
9477379.3626,3284140.8064,9474116.4570,3280877.9008,0.9278,0.0004,0.0086,0.0000,0.0032,0.0600,11443
9493684.3362,3235216.3310,9490421.4306,3231953.4253,0.9999,0.0000,0.0000,0.0000,0.0000,0.0001,11563
9513252.2155,3228700.0743,9509989.3098,3225437.1687,1.0000,0.0000,0.0000,0.0000,0.0000,0.0000,11666
9428464.4418,3218911.3574,9425201.5362,3215648.4517,1.0000,0.0000,0.0000,0.0000,0.0000,0.0000,10712
9451285.6721,3192817.6669,9448032.3211,3189564.3158,1.0000,0.0000,0.0000,0.0000,0.0000,0.0000,10831
9474116.4570,3169996.4366,9470853.5513,3166733.5310,0.9278,0.0004,0.0086,0.0000,0.0032,0.0600,11222
9490421.4306,3231953.4253,9487168.0796,3228700.0743,1.0000,0.0000,0.0000,0.0000,0.0000,0.0000,11401
9536083.0003,3179775.5989,9532820.0947,3176512.6933,0.9997,0.0000,0.0000,0.0000,0.0001,0.0002,11784
9451285.6721,3254784.2102,9448032.3211,3251521.3046,1.0000,0.0000,0.0000,0.0000,0.0000,0.0000,10933
9441506.5098,3284140.8064,9438243.6041,3280877.9008,1.0000,0.0000,0.0000,0.0000,0.0000,0.0000,10948
9493684.3362,3163470.6253,9490421.4306,3160207.7197,1.0000,0.0000,0.0000,0.0000,0.0000,0.0000,11480
9519778.0267,3215648.4517,9516515.1211,3212385.5461,0.9999,0.0000,0.0000,0.0000,0.0000,0.0001,11692
9516515.1211,3212385.5461,9513252.2155,3209132.1951,0.9999,0.0000,0.0000,0.0000,0.0001,0.0000,11697
9434980.6985,3186301.4102,9431717.7929,3183038.5046,1.0000,0.0000,0.0000,0.0000,0.0000,0.0000,10767
9464337.2947,3189564.3158,9461074.3890,3186301.4102,0.9278,0.0004,0.0086,0.0000,0.0032,0.0600,10997
9461074.3890,3264572.9272,9457811.4834,3261310.0215,0.9986,0.0000,0.0001,0.0000,0.0001,0.0012,11142
9483905.1739,3160207.7197,9480642.2683,3156944.8140,0.9997,0.0000,0.0000,0.0000,0.0003,0.0000,11243
9483905.1739,3173249.7876,9480642.2683,3169996.4366,0.8518,0.0004,0.0084,0.0000,0.0583,0.0811,11291
9480642.2683,3258047.1159,9477379.3626,3254784.2102,1.0000,0.0000,0.0000,0.0000,0.0000,0.0000,11422
9506735.9588,3254784.2102,9503473.0532,3251521.3046,0.9920,0.0000,0.0030,0.0000,0.0002,0.0047,11601
9438243.6041,3267835.8328,9434980.6985,3264572.9272,0.9823,0.0000,0.0011,0.0000,0.0014,0.0151,10905
9477379.3626,3254784.2102,9474116.4570,3251521.3046,1.0000,0.0000,0.0000,0.0000,0.0000,0.0000,11427
9500210.1475,3267835.8328,9496947.2419,3264572.9272,1.0000,0.0000,0.0000,0.0000,0.0000,0.0000,11577
9506735.9588,3261310.0215,9503473.0532,3258047.1159,0.9278,0.0004,0.0086,0.0000,0.0032,0.0600,11591
9545871.7173,3173249.7876,9542608.8116,3169996.4366,0.9999,0.0000,0.0000,0.0000,0.0000,0.0001,11799
9438243.6041,3173249.7876,9434980.6985,3169996.4366,0.9993,0.0000,0.0000,0.0000,0.0000,0.0006,10791
9467600.2003,3264572.9272,9464337.2947,3261310.0215,1.0000,0.0000,0.0000,0.0000,0.0000,0.0000,11144
9493684.3362,3169996.4366,9490421.4306,3166733.5310,0.0000,0.0000,0.0000,0.0000,0.0001,0.9999,11468
9519778.0267,3196080.5725,9516515.1211,3192817.6669,0.0000,0.0000,0.0020,0.0000,0.0006,0.9974,11659
9441506.5098,3218911.3574,9438243.6041,3215648.4517,1.0000,0.0000,0.0000,0.0000,0.0000,0.0000,10852
9441506.5098,3235216.3310,9438243.6041,3231953.4253,0.9784,0.0002,0.0034,0.0000,0.0015,0.0166,10894
9467600.2003,3271089.1838,9464337.2947,3267835.8328,0.9994,0.0000,0.0002,0.0000,0.0001,0.0002,11204
9487168.0796,3186301.4102,9483905.1739,3183038.5046,0.9823,0.0000,0.0011,0.0000,0.0014,0.0151,11268
9483905.1739,3218911.3574,9480642.2683,3215648.4517,1.0000,0.0000,0.0000,0.0000,0.0000,0.0000,11351
9493684.3362,3264572.9272,9490421.4306,3261310.0215,1.0000,0.0000,0.0000,0.0000,0.0000,0.0000,11581
9523040.9324,3179775.5989,9519778.0267,3176512.6933,0.9996,0.0000,0.0001,0.0000,0.0000,0.0003,11627
9415412.8193,3196080.5725,9412149.9136,3192817.6669,0.0000,0.0000,0.9999,0.0000,0.0000,0.0001,10679
9438243.6041,3156944.8140,9434980.6985,3153681.9084,0.9996,0.0000,0.0001,0.0000,0.0002,0.0002,10752
9441506.5098,3209132.1951,9438243.6041,3205869.2894,1.0000,0.0000,0.0000,0.0000,0.0000,0.0000,10798
9444769.4154,3274352.0895,9441506.5098,3271089.1838,1.0000,0.0000,0.0000,0.0000,0.0000,0.0000,10967
9467600.2003,3235216.3310,9464337.2947,3231953.4253,1.0000,0.0000,0.0000,0.0000,0.0000,0.0000,11126
9477379.3626,3196080.5725,9474116.4570,3192817.6669,1.0000,0.0000,0.0000,0.0000,0.0000,0.0000,11319
9503473.0532,3160207.7197,9500210.1475,3156944.8140,1.0000,0.0000,0.0000,0.0000,0.0000,0.0000,11489
9428464.4418,3225437.1687,9425201.5362,3222174.2630,1.0000,0.0000,0.0000,0.0000,0.0000,0.0000,10700
9434980.6985,3209132.1951,9431717.7929,3205869.2894,1.0000,0.0000,0.0000,0.0000,0.0000,0.0000,10796
9474116.4570,3261310.0215,9470853.5513,3258047.1159,1.0000,0.0000,0.0000,0.0000,0.0000,0.0000,11414
9483905.1739,3277614.9951,9480642.2683,3274352.0895,0.9278,0.0004,0.0086,0.0000,0.0032,0.0600,11454
9516515.1211,3186301.4102,9513252.2155,3183038.5046,1.0000,0.0000,0.0000,0.0000,0.0000,0.0000,11615
9516515.1211,3192817.6669,9513252.2155,3189564.3158,1.0000,0.0000,0.0000,0.0000,0.0000,0.0000,11664
9536083.0003,3173249.7876,9532820.0947,3169996.4366,1.0000,0.0000,0.0000,0.0000,0.0000,0.0000,11796
9461074.3890,3189564.3158,9457811.4834,3186301.4102,1.0000,0.0000,0.0000,0.0000,0.0000,0.0000,10996
9470853.5513,3205869.2894,9467600.2003,3202606.3838,0.9978,0.0000,0.0002,0.0000,0.0007,0.0013,11038
9457811.4834,3196080.5725,9454548.5777,3192817.6669,0.9999,0.0000,0.0000,0.0000,0.0000,0.0000,11052
9461074.3890,3235216.3310,9457811.4834,3231953.4253,1.0000,0.0000,0.0000,0.0000,0.0000,0.0000,11124
9493684.3362,3189564.3158,9490421.4306,3186301.4102,1.0000,0.0000,0.0000,0.0000,0.0000,0.0000,11504
9519778.0267,3202606.3838,9516515.1211,3199343.4782,0.6462,0.0167,0.0998,0.0008,0.0235,0.2130,11647
9516515.1211,3248267.9536,9513252.2155,3245005.0479,1.0000,0.0000,0.0000,0.0000,0.0000,0.0000,11703
9441506.5098,3153681.9084,9438243.6041,3150428.5574,0.0000,0.0000,0.0004,0.0000,0.0001,0.9995,10757
9464337.2947,3235216.3310,9461074.3890,3231953.4253,1.0000,0.0000,0.0000,0.0000,0.0000,0.0000,11125
9454548.5777,3251521.3046,9451285.6721,3248267.9536,0.9982,0.0000,0.0006,0.0000,0.0002,0.0010,11164
9480642.2683,3186301.4102,9477379.3626,3183038.5046,0.9998,0.0000,0.0000,0.0000,0.0000,0.0002,11266
9490421.4306,3179775.5989,9487168.0796,3176512.6933,0.9362,0.0010,0.0073,0.0000,0.0327,0.0228,11281
9487168.0796,3231953.4253,9483905.1739,3228700.0743,1.0000,0.0000,0.0000,0.0000,0.0000,0.0000,11400
9500210.1475,3238479.2366,9496947.2419,3235216.3310,1.0000,0.0000,0.0000,0.0000,0.0000,0.0000,11559
9523040.9324,3186301.4102,9519778.0267,3183038.5046,0.9994,0.0000,0.0001,0.0000,0.0000,0.0005,11617
9444769.4154,3248267.9536,9441506.5098,3245005.0479,0.9620,0.0000,0.0342,0.0000,0.0011,0.0027,10871
9470853.5513,3254784.2102,9467600.2003,3251521.3046,0.9950,0.0000,0.0005,0.0000,0.0009,0.0036,11163
9483905.1739,3264572.9272,9480642.2683,3261310.0215,0.9927,0.0000,0.0002,0.0000,0.0001,0.0070,11411
9519778.0267,3183038.5046,9516515.1211,3179775.5989,1.0000,0.0000,0.0000,0.0000,0.0000,0.0000,11622
9545871.7173,3235216.3310,9542608.8116,3231953.4253,1.0000,0.0000,0.0000,0.0000,0.0000,0.0000,11867
9431717.7929,3218911.3574,9428464.4418,3215648.4517,1.0000,0.0000,0.0000,0.0000,0.0000,0.0000,10713
9464337.2947,3199343.4782,9461074.3890,3196080.5725,0.9995,0.0000,0.0002,0.0000,0.0001,0.0003,11048
9454548.5777,3258047.1159,9451285.6721,3254784.2102,1.0000,0.0000,0.0000,0.0000,0.0000,0.0000,11152
9483905.1739,3241742.1423,9480642.2683,3238479.2366,1.0000,0.0000,0.0000,0.0000,0.0000,0.0000,11381
9532820.0947,3176512.6933,9529557.1891,3173249.7876,0.9994,0.0000,0.0001,0.0000,0.0000,0.0005,11789
9545871.7173,3212385.5461,9542608.8116,3209132.1951,0.9601,0.0003,0.0134,0.0000,0.0039,0.0222,11848
9454548.5777,3179775.5989,9451285.6721,3176512.6933,0.8973,0.0007,0.0175,0.0001,0.0396,0.0447,11012
9513252.2155,3192817.6669,9509989.3098,3189564.3158,1.0000,0.0000,0.0000,0.0000,0.0000,0.0000,11663
9431717.7929,3196080.5725,9428464.4418,3192817.6669,0.0253,0.0008,0.9687,0.0001,0.0028,0.0023,10684
9461074.3890,3241742.1423,9457811.4834,3238479.2366,0.9978,0.0000,0.0002,0.0000,0.0007,0.0013,11112
9464337.2947,3277614.9951,9461074.3890,3274352.0895,0.9278,0.0004,0.0086,0.0000,0.0032,0.0600,11191
9480642.2683,3271089.1838,9477379.3626,3267835.8328,0.9984,0.0000,0.0004,0.0000,0.0001,0.0011,11464
9516515.1211,3196080.5725,9513252.2155,3192817.6669,0.9999,0.0000,0.0000,0.0000,0.0000,0.0000,11658
9464337.2947,3176512.6933,9461074.3890,3173249.7876,0.0000,0.0002,0.9997,0.0000,0.0001,0.0000,11019
9470853.5513,3199343.4782,9467600.2003,3196080.5725,0.1618,0.0003,0.0014,0.0000,0.8348,0.0017,11050
9477379.3626,3215648.4517,9474116.4570,3212385.5461,0.8915,0.0012,0.0183,0.0002,0.0117,0.0772,11355
9529557.1891,3264572.9272,9526303.8380,3261310.0215,0.9278,0.0004,0.0086,0.0000,0.0032,0.0600,11744
9513252.2155,3258047.1159,9509989.3098,3254784.2102,0.9278,0.0004,0.0086,0.0000,0.0032,0.0600,11748
9542608.8116,3189564.3158,9539345.9060,3186301.4102,0.0100,0.0000,0.0002,0.0000,0.9890,0.0008,11769
9477379.3626,3160207.7197,9474116.4570,3156944.8140,1.0000,0.0000,0.0000,0.0000,0.0000,0.0000,11241
9467600.2003,3218911.3574,9464337.2947,3215648.4517,1.0000,0.0000,0.0000,0.0000,0.0000,0.0000,11084
9490421.4306,3173249.7876,9487168.0796,3169996.4366,1.0000,0.0000,0.0000,0.0000,0.0000,0.0000,11293
9487168.0796,3202606.3838,9483905.1739,3199343.4782,0.9999,0.0000,0.0000,0.0000,0.0001,0.0000,11310
9490421.4306,3261310.0215,9487168.0796,3258047.1159,0.9956,0.0000,0.0001,0.0000,0.0006,0.0037,11419
9496947.2419,3264572.9272,9493684.3362,3261310.0215,0.9779,0.0003,0.0024,0.0001,0.0041,0.0152,11582
9496947.2419,3258047.1159,9493684.3362,3254784.2102,1.0000,0.0000,0.0000,0.0000,0.0000,0.0000,11593
9523040.9324,3209132.1951,9519778.0267,3205869.2894,1.0000,0.0000,0.0000,0.0000,0.0000,0.0000,11636
9526303.8380,3261310.0215,9523040.9324,3258047.1159,0.9278,0.0004,0.0086,0.0000,0.0032,0.0600,11746
9451285.6721,3166733.5310,9448032.3211,3163470.6253,1.0000,0.0000,0.0000,0.0000,0.0000,0.0000,10741
9434980.6985,3228700.0743,9431717.7929,3225437.1687,0.9997,0.0000,0.0000,0.0000,0.0000,0.0003,10832
9464337.2947,3169996.4366,9461074.3890,3166733.5310,1.0000,0.0000,0.0000,0.0000,0.0000,0.0000,10980
9470853.5513,3261310.0215,9467600.2003,3258047.1159,0.9999,0.0000,0.0000,0.0000,0.0000,0.0000,11151
9457811.4834,3284140.8064,9454548.5777,3280877.9008,0.9927,0.0000,0.0002,0.0000,0.0001,0.0070,11177
9480642.2683,3160207.7197,9477379.3626,3156944.8140,0.9994,0.0000,0.0001,0.0000,0.0002,0.0003,11242
9483905.1739,3153681.9084,9480642.2683,3150428.5574,0.0720,0.0085,0.0441,0.0004,0.0616,0.8133,11255
9513252.2155,3215648.4517,9509989.3098,3212385.5461,0.0000,0.0018,0.9438,0.0004,0.0143,0.0397,11690
9529557.1891,3205869.2894,9526303.8380,3202606.3838,0.9999,0.0000,0.0000,0.0000,0.0001,0.0000,11644
9434980.6985,3280877.9008,9431717.7929,3277614.9951,1.0000,0.0000,0.0000,0.0000,0.0000,0.0000,10952
9461074.3890,3254784.2102,9457811.4834,3251521.3046,0.9998,0.0000,0.0000,0.0000,0.0002,0.0000,11160
9487168.0796,3264572.9272,9483905.1739,3261310.0215,0.9997,0.0000,0.0000,0.0000,0.0003,0.0000,11412
9483905.1739,3251521.3046,9480642.2683,3248267.9536,1.0000,0.0000,0.0000,0.0000,0.0000,0.0000,11435
9496947.2419,3179775.5989,9493684.3362,3176512.6933,1.0000,0.0000,0.0000,0.0000,0.0000,0.0000,11523
9532820.0947,3202606.3838,9529557.1891,3199343.4782,0.0000,0.0000,0.0000,0.0000,0.9965,0.0035,11808
9467600.2003,3209132.1951,9464337.2947,3205869.2894,1.0000,0.0000,0.0000,0.0000,0.0000,0.0000,11031
9490421.4306,3147165.6517,9487168.0796,3143902.7461,0.0468,0.0003,0.9482,0.0000,0.0019,0.0027,11213
9493684.3362,3160207.7197,9490421.4306,3156944.8140,0.5421,0.0044,0.0294,0.0003,0.1865,0.2374,11486
9545871.7173,3199343.4782,9542608.8116,3196080.5725,1.0000,0.0000,0.0000,0.0000,0.0000,0.0000,11816
9500210.1475,3173249.7876,9496947.2419,3169996.4366,0.9998,0.0000,0.0000,0.0000,0.0002,0.0000,11535
9444769.4154,3251521.3046,9441506.5098,3248267.9536,0.0026,0.0011,0.9432,0.0002,0.0169,0.0360,10937
9493684.3362,3245005.0479,9490421.4306,3241742.1423,0.9947,0.0000,0.0004,0.0000,0.0039,0.0010,11545
9444769.4154,3163470.6253,9441506.5098,3160207.7197,1.0000,0.0000,0.0000,0.0000,0.0000,0.0000,10744
9483905.1739,3245005.0479,9480642.2683,3241742.1423,0.9997,0.0000,0.0001,0.0000,0.0001,0.0000,11375
9503473.0532,3166733.5310,9500210.1475,3163470.6253,0.9971,0.0000,0.0001,0.0000,0.0021,0.0006,11477
9516515.1211,3222174.2630,9513252.2155,3218911.3574,1.0000,0.0000,0.0000,0.0000,0.0000,0.0000,11679
9438243.6041,3264572.9272,9434980.6985,3261310.0215,1.0000,0.0000,0.0000,0.0000,0.0000,0.0000,10911
9483905.1739,3147165.6517,9480642.2683,3143902.7461,0.0000,0.9992,0.0005,0.0000,0.0000,0.0003,11211
9474116.4570,3199343.4782,9470853.5513,3196080.5725,1.0000,0.0000,0.0000,0.0000,0.0000,0.0000,11312
9496947.2419,3235216.3310,9493684.3362,3231953.4253,0.9834,0.0002,0.0028,0.0000,0.0095,0.0040,11564
9477379.3626,3183038.5046,9474116.4570,3179775.5989,0.9937,0.0000,0.0002,0.0000,0.0033,0.0027,11271
9516515.1211,3202606.3838,9513252.2155,3199343.4782,0.9509,0.0009,0.0040,0.0002,0.0294,0.0146,11646
9428464.4418,3215648.4517,9425201.5362,3212385.5461,0.9999,0.0000,0.0000,0.0000,0.0000,0.0001,10718
9483905.1739,3166733.5310,9480642.2683,3163470.6253,1.0000,0.0000,0.0000,0.0000,0.0000,0.0000,11231
9477379.3626,3218911.3574,9474116.4570,3215648.4517,0.9871,0.0003,0.0083,0.0002,0.0034,0.0006,11349
9513252.2155,3212385.5461,9509989.3098,3209132.1951,0.0000,0.9546,0.0226,0.0003,0.0040,0.0184,11696
9529557.1891,3228700.0743,9526303.8380,3225437.1687,1.0000,0.0000,0.0000,0.0000,0.0000,0.0000,11671
9526303.8380,3251521.3046,9523040.9324,3248267.9536,0.7440,0.0004,0.0044,0.0000,0.0153,0.2358,11764
9438243.6041,3183038.5046,9434980.6985,3179775.5989,0.9995,0.0000,0.0000,0.0000,0.0004,0.0001,10773
9438243.6041,3228700.0743,9434980.6985,3225437.1687,0.9992,0.0000,0.0002,0.0000,0.0001,0.0005,10833
9532820.0947,3173249.7876,9529557.1891,3169996.4366,1.0000,0.0000,0.0000,0.0000,0.0000,0.0000,11795
9448032.3211,3183038.5046,9444769.4154,3179775.5989,0.0069,0.0000,0.0051,0.0000,0.9874,0.0005,10776
9444769.4154,3205869.2894,9441506.5098,3202606.3838,1.0000,0.0000,0.0000,0.0000,0.0000,0.0000,10805
9516515.1211,3251521.3046,9513252.2155,3248267.9536,0.9916,0.0001,0.0010,0.0000,0.0039,0.0034,11761
9545871.7173,3179775.5989,9542608.8116,3176512.6933,0.9232,0.0014,0.0135,0.0001,0.0126,0.0492,11787
9448032.3211,3215648.4517,9444769.4154,3212385.5461,0.9951,0.0000,0.0005,0.0000,0.0014,0.0030,10860
9451285.6721,3258047.1159,9448032.3211,3254784.2102,0.9992,0.0000,0.0002,0.0000,0.0001,0.0005,10927
9451285.6721,3251521.3046,9448032.3211,3248267.9536,0.1765,0.0023,0.0237,0.0001,0.0215,0.7759,10939
9490421.4306,3267835.8328,9487168.0796,3264572.9272,0.9976,0.0000,0.0012,0.0000,0.0002,0.0009,11407
9415412.8193,3218911.3574,9412149.9136,3215648.4517,1.0000,0.0000,0.0000,0.0000,0.0000,0.0000,10708
9470853.5513,3248267.9536,9467600.2003,3245005.0479,0.9986,0.0000,0.0000,0.0000,0.0014,0.0000,11103
9487168.0796,3258047.1159,9483905.1739,3254784.2102,1.0000,0.0000,0.0000,0.0000,0.0000,0.0000,11424
9506735.9588,3251521.3046,9503473.0532,3248267.9536,1.0000,0.0000,0.0000,0.0000,0.0000,0.0000,11607
9441506.5098,3261310.0215,9438243.6041,3258047.1159,1.0000,0.0000,0.0000,0.0000,0.0000,0.0000,10918
9438243.6041,3280877.9008,9434980.6985,3277614.9951,1.0000,0.0000,0.0000,0.0000,0.0000,0.0000,10953
9457811.4834,3271089.1838,9454548.5777,3267835.8328,0.9979,0.0000,0.0002,0.0000,0.0010,0.0008,11201
9490421.4306,3205869.2894,9487168.0796,3202606.3838,0.9994,0.0000,0.0000,0.0000,0.0005,0.0001,11305
9474116.4570,3225437.1687,9470853.5513,3222174.2630,0.9926,0.0001,0.0015,0.0000,0.0046,0.0012,11336
9487168.0796,3212385.5461,9483905.1739,3209132.1951,0.0000,0.0159,0.9801,0.0014,0.0012,0.0014,11364
9441506.5098,3166733.5310,9438243.6041,3163470.6253,1.0000,0.0000,0.0000,0.0000,0.0000,0.0000,10738
9467600.2003,3228700.0743,9464337.2947,3225437.1687,0.9443,0.0000,0.0018,0.0000,0.0420,0.0119,11066
9490421.4306,3258047.1159,9487168.0796,3254784.2102,0.9994,0.0000,0.0003,0.0000,0.0002,0.0002,11425
9451285.6721,3150428.5574,9448032.3211,3147165.6517,0.9706,0.0004,0.0124,0.0000,0.0021,0.0145,10729
9483905.1739,3202606.3838,9480642.2683,3199343.4782,1.0000,0.0000,0.0000,0.0000,0.0000,0.0000,11309
9483905.1739,3254784.2102,9480642.2683,3251521.3046,0.9999,0.0000,0.0000,0.0000,0.0001,0.0000,11429
9418675.7249,3228700.0743,9415412.8193,3225437.1687,1.0000,0.0000,0.0000,0.0000,0.0000,0.0000,10691
9532820.0947,3189564.3158,9529557.1891,3186301.4102,0.9988,0.0000,0.0005,0.0000,0.0000,0.0006,11766
9461074.3890,3261310.0215,9457811.4834,3258047.1159,0.9953,0.0000,0.0024,0.0000,0.0010,0.0013,11148
9509989.3098,3166733.5310,9506735.9588,3163470.6253,1.0000,0.0000,0.0000,0.0000,0.0000,0.0000,11479
9421938.6306,3196080.5725,9418675.7249,3192817.6669,0.9954,0.0000,0.0001,0.0000,0.0028,0.0017,10681
9431717.7929,3222174.2630,9428464.4418,3218911.3574,1.0000,0.0000,0.0000,0.0000,0.0000,0.0000,10707
9434980.6985,3287403.7120,9431717.7929,3284140.8064,1.0000,0.0000,0.0000,0.0000,0.0000,0.0000,10940
9483905.1739,3258047.1159,9480642.2683,3254784.2102,1.0000,0.0000,0.0000,0.0000,0.0000,0.0000,11423
9434980.6985,3179775.5989,9431717.7929,3176512.6933,0.9994,0.0000,0.0000,0.0000,0.0004,0.0002,10778
9451285.6721,3222174.2630,9448032.3211,3218911.3574,0.9802,0.0004,0.0037,0.0000,0.0033,0.0124,10849
9457811.4834,3235216.3310,9454548.5777,3231953.4253,0.9965,0.0000,0.0007,0.0000,0.0016,0.0011,11123
9506735.9588,3231953.4253,9503473.0532,3228700.0743,1.0000,0.0000,0.0000,0.0000,0.0000,0.0000,11573
9513252.2155,3176512.6933,9509989.3098,3173249.7876,0.1765,0.0023,0.0237,0.0001,0.0215,0.7759,11628
9529557.1891,3222174.2630,9526303.8380,3218911.3574,0.9998,0.0000,0.0001,0.0000,0.0001,0.0000,11683
9467600.2003,3225437.1687,9464337.2947,3222174.2630,0.8039,0.0024,0.0449,0.0004,0.0858,0.0627,11072
9474116.4570,3277614.9951,9470853.5513,3274352.0895,1.0000,0.0000,0.0000,0.0000,0.0000,0.0000,11451
9474116.4570,3271089.1838,9470853.5513,3267835.8328,0.9802,0.0004,0.0037,0.0000,0.0033,0.0124,11462
9526303.8380,3241742.1423,9523040.9324,3238479.2366,0.9862,0.0001,0.0027,0.0000,0.0065,0.0045,11718
9519778.0267,3251521.3046,9516515.1211,3248267.9536,0.9838,0.0002,0.0019,0.0000,0.0065,0.0076,11762
9425201.5362,3199343.4782,9421938.6306,3196080.5725,0.0056,0.0177,0.9677,0.0006,0.0038,0.0047,10676
9516515.1211,3176512.6933,9513252.2155,3173249.7876,0.9995,0.0000,0.0000,0.0000,0.0004,0.0000,11629
9493684.3362,3179775.5989,9490421.4306,3176512.6933,0.0510,0.0007,0.0294,0.0001,0.1095,0.8093,11522
9503473.0532,3248267.9536,9500210.1475,3245005.0479,1.0000,0.0000,0.0000,0.0000,0.0000,0.0000,11542
9523040.9324,3238479.2366,9519778.0267,3235216.3310,1.0000,0.0000,0.0000,0.0000,0.0000,0.0000,11723
9539345.9060,3202606.3838,9536083.0003,3199343.4782,1.0000,0.0000,0.0000,0.0000,0.0000,0.0000,11810
9444769.4154,3156944.8140,9441506.5098,3153681.9084,1.0000,0.0000,0.0000,0.0000,0.0000,0.0000,10754
9519778.0267,3245005.0479,9516515.1211,3241742.1423,0.3863,0.0003,0.0016,0.0000,0.0011,0.6106,11710
9513252.2155,3241742.1423,9509989.3098,3238479.2366,1.0000,0.0000,0.0000,0.0000,0.0000,0.0000,11714
9529557.1891,3189564.3158,9526303.8380,3186301.4102,0.0819,0.0049,0.8478,0.0006,0.0629,0.0019,11613
9493684.3362,3231953.4253,9490421.4306,3228700.0743,0.9923,0.0001,0.0039,0.0000,0.0037,0.0000,11569
9493684.3362,3248267.9536,9490421.4306,3245005.0479,0.9999,0.0000,0.0000,0.0000,0.0001,0.0001,11539
9457811.4834,3241742.1423,9454548.5777,3238479.2366,0.9984,0.0000,0.0001,0.0000,0.0012,0.0002,11111
9487168.0796,3248267.9536,9483905.1739,3245005.0479,0.9949,0.0000,0.0012,0.0000,0.0030,0.0009,11370
9434980.6985,3261310.0215,9431717.7929,3258047.1159,1.0000,0.0000,0.0000,0.0000,0.0000,0.0000,10916
9513252.2155,3245005.0479,9509989.3098,3241742.1423,0.9997,0.0000,0.0000,0.0000,0.0002,0.0001,11708
9451285.6721,3267835.8328,9448032.3211,3264572.9272,0.9992,0.0000,0.0002,0.0000,0.0005,0.0001,10909
9509989.3098,3183038.5046,9506735.9588,3179775.5989,0.9990,0.0000,0.0001,0.0000,0.0007,0.0002,11521
9480642.2683,3251521.3046,9477379.3626,3248267.9536,1.0000,0.0000,0.0000,0.0000,0.0000,0.0000,11434
9470853.5513,3160207.7197,9467600.2003,3156944.8140,0.9976,0.0000,0.0002,0.0000,0.0002,0.0020,10989
9457811.4834,3261310.0215,9454548.5777,3258047.1159,0.9990,0.0000,0.0001,0.0000,0.0007,0.0002,11147
9503473.0532,3261310.0215,9500210.1475,3258047.1159,0.9994,0.0000,0.0002,0.0000,0.0002,0.0001,11590
9451285.6721,3179775.5989,9448032.3211,3176512.6933,0.9992,0.0000,0.0002,0.0000,0.0002,0.0004,10783
9434980.6985,3222174.2630,9431717.7929,3218911.3574,1.0000,0.0000,0.0000,0.0000,0.0000,0.0000,10844
9526303.8380,3196080.5725,9523040.9324,3192817.6669,1.0000,0.0000,0.0000,0.0000,0.0000,0.0000,11661
9536083.0003,3176512.6933,9532820.0947,3173249.7876,1.0000,0.0000,0.0000,0.0000,0.0000,0.0000,11790
9470853.5513,3143902.7461,9467600.2003,3140639.8404,0.9980,0.0000,0.0003,0.0000,0.0000,0.0016,10978
9474116.4570,3251521.3046,9470853.5513,3248267.9536,0.9997,0.0000,0.0000,0.0000,0.0000,0.0003,11432
9438243.6041,3176512.6933,9434980.6985,3173249.7876,0.9997,0.0000,0.0000,0.0000,0.0000,0.0003,10785
9454548.5777,3169996.4366,9451285.6721,3166733.5310,0.9968,0.0000,0.0001,0.0000,0.0001,0.0030,10979
9464337.2947,3173249.7876,9461074.3890,3169996.4366,0.9705,0.0015,0.0094,0.0010,0.0019,0.0158,11024
9474116.4570,3215648.4517,9470853.5513,3212385.5461,0.9938,0.0002,0.0024,0.0000,0.0006,0.0030,11354
9480642.2683,3150428.5574,9477379.3626,3147165.6517,0.9893,0.0002,0.0016,0.0000,0.0005,0.0084,11207
9487168.0796,3150428.5574,9483905.1739,3147165.6517,0.0000,0.0018,0.9974,0.0000,0.0003,0.0005,11209
9438243.6041,3235216.3310,9434980.6985,3231953.4253,0.9768,0.0002,0.0008,0.0000,0.0007,0.0215,10893
9434980.6985,3202606.3838,9431717.7929,3199343.4782,0.9944,0.0000,0.0001,0.0000,0.0003,0.0052,10808
9487168.0796,3153681.9084,9483905.1739,3150428.5574,0.9944,0.0000,0.0001,0.0000,0.0003,0.0052,11256
9539345.9060,3192817.6669,9536083.0003,3189564.3158,0.9976,0.0000,0.0000,0.0000,0.0000,0.0024,11824
9438243.6041,3179775.5989,9434980.6985,3176512.6933,0.9768,0.0002,0.0008,0.0000,0.0007,0.0215,10779
9451285.6721,3176512.6933,9448032.3211,3173249.7876,0.9900,0.0002,0.0012,0.0000,0.0008,0.0078,10789
9470853.5513,3183038.5046,9467600.2003,3179775.5989,0.9768,0.0002,0.0008,0.0000,0.0007,0.0215,11011
9454548.5777,3192817.6669,9451285.6721,3189564.3158,0.9996,0.0000,0.0000,0.0000,0.0001,0.0003,11057
9487168.0796,3271089.1838,9483905.1739,3267835.8328,0.9768,0.0002,0.0008,0.0000,0.0007,0.0215,11466
9516515.1211,3205869.2894,9513252.2155,3202606.3838,0.8703,0.0128,0.0117,0.0011,0.0062,0.0978,11640
9487168.0796,3254784.2102,9483905.1739,3251521.3046,0.9613,0.0002,0.0071,0.0000,0.0147,0.0167,11430
9490421.4306,3176512.6933,9487168.0796,3173249.7876,0.9998,0.0000,0.0000,0.0000,0.0001,0.0000,11287
9480642.2683,3212385.5461,9477379.3626,3209132.1951,0.9778,0.0005,0.0153,0.0001,0.0043,0.0021,11362
9496947.2419,3160207.7197,9493684.3362,3156944.8140,0.9376,0.0003,0.0046,0.0000,0.0122,0.0454,11487
9513252.2155,3173249.7876,9509989.3098,3169996.4366,0.9828,0.0000,0.0006,0.0000,0.0052,0.0113,11631
9425201.5362,3202606.3838,9421938.6306,3199343.4782,0.9613,0.0002,0.0071,0.0000,0.0147,0.0167,10670
9434980.6985,3196080.5725,9431717.7929,3192817.6669,0.0968,0.0185,0.7304,0.0012,0.0750,0.0781,10820
9470853.5513,3209132.1951,9467600.2003,3205869.2894,0.9613,0.0002,0.0071,0.0000,0.0147,0.0167,11032
9487168.0796,3218911.3574,9483905.1739,3215648.4517,0.8882,0.0008,0.0096,0.0001,0.0436,0.0576,11352
9451285.6721,3218911.3574,9448032.3211,3215648.4517,0.9768,0.0002,0.0008,0.0000,0.0007,0.0215,10855
9441506.5098,3238479.2366,9438243.6041,3235216.3310,0.9929,0.0000,0.0003,0.0000,0.0037,0.0031,10888
9519778.0267,3205869.2894,9516515.1211,3202606.3838,0.8876,0.0012,0.0091,0.0001,0.0497,0.0523,11641
9434980.6985,3264572.9272,9431717.7929,3261310.0215,0.9613,0.0002,0.0071,0.0000,0.0147,0.0167,10910
9441506.5098,3225437.1687,9438243.6041,3222174.2630,0.9627,0.0004,0.0053,0.0000,0.0052,0.0263,10840
9500210.1475,3179775.5989,9496947.2419,3176512.6933,0.9992,0.0000,0.0001,0.0000,0.0002,0.0005,11524
9513252.2155,3218911.3574,9509989.3098,3215648.4517,0.8837,0.0060,0.0130,0.0013,0.0070,0.0891,11684
9483905.1739,3235216.3310,9480642.2683,3231953.4253,0.9821,0.0001,0.0020,0.0000,0.0117,0.0041,11393
9448032.3211,3238479.2366,9444769.4154,3235216.3310,0.9376,0.0003,0.0046,0.0000,0.0122,0.0454,10890
9470853.5513,3258047.1159,9467600.2003,3254784.2102,0.9993,0.0001,0.0002,0.0000,0.0002,0.0002,11157
9454548.5777,3277614.9951,9451285.6721,3274352.0895,0.9929,0.0000,0.0003,0.0000,0.0037,0.0031,11188
9536083.0003,3222174.2630,9532820.0947,3218911.3574,0.9613,0.0002,0.0071,0.0000,0.0147,0.0167,11836
9454548.5777,3248267.9536,9451285.6721,3245005.0479,0.5835,0.0050,0.2204,0.0006,0.1613,0.0292,11098
9421938.6306,3199343.4782,9418675.7249,3196080.5725,0.0144,0.0189,0.0284,0.0004,0.0354,0.9025,10675
9545871.7173,3248267.9536,9542608.8116,3245005.0479,0.9999,0.0000,0.0000,0.0000,0.0001,0.0000,11851
9500210.1475,3241742.1423,9496947.2419,3238479.2366,0.9613,0.0002,0.0071,0.0000,0.0147,0.0167,11553
9451285.6721,3241742.1423,9448032.3211,3238479.2366,0.9627,0.0004,0.0053,0.0000,0.0052,0.0263,10885
9480642.2683,3179775.5989,9477379.3626,3176512.6933,0.1127,0.0038,0.0250,0.0002,0.0279,0.8304,11278
9523040.9324,3231953.4253,9519778.0267,3228700.0743,0.8882,0.0008,0.0096,0.0001,0.0436,0.0576,11735
9503473.0532,3245005.0479,9500210.1475,3241742.1423,0.9757,0.0004,0.0081,0.0001,0.0062,0.0095,11548
9513252.2155,3235216.3310,9509989.3098,3231953.4253,0.9214,0.0008,0.0097,0.0001,0.0228,0.0453,11726
9506735.9588,3179775.5989,9503473.0532,3176512.6933,0.9756,0.0003,0.0025,0.0000,0.0089,0.0126,11526
9461074.3890,3271089.1838,9457811.4834,3267835.8328,0.9953,0.0004,0.0014,0.0000,0.0012,0.0016,11202
