11871,18575,27.839,85.752,27.865,85.781
11870,18571,27.839,85.635,27.865,85.664
11869,18570,27.839,85.605,27.865,85.635
11868,18569,27.865,85.752,27.891,85.781
11867,18568,27.865,85.723,27.891,85.752
11866,18565,27.865,85.635,27.891,85.664
11865,18564,27.865,85.605,27.891,85.635
11864,18563,27.891,85.752,27.917,85.781
11863,18562,27.891,85.723,27.917,85.752
11862,18559,27.891,85.635,27.917,85.664
11861,18558,27.891,85.605,27.917,85.635
11860,18557,27.917,85.752,27.943,85.781
11859,18556,27.917,85.723,27.943,85.752
11858,18553,27.917,85.635,27.943,85.664
11857,18552,27.917,85.605,27.943,85.635
11856,18551,27.943,85.752,27.969,85.781
11855,18550,27.943,85.723,27.969,85.752
11854,18549,27.943,85.693,27.969,85.723
11853,18546,27.943,85.605,27.969,85.635
11852,18545,27.969,85.752,27.994,85.781
11851,18544,27.969,85.723,27.994,85.752
11850,18543,27.969,85.693,27.994,85.723
11849,18539,27.684,85.752,27.709,85.781
11848,18538,27.684,85.723,27.709,85.752
11847,18536,27.684,85.664,27.709,85.693
11846,18535,27.684,85.635,27.709,85.664
11845,18534,27.684,85.605,27.709,85.635
11844,18530,27.709,85.664,27.735,85.693
11843,18529,27.709,85.635,27.735,85.664
11842,18528,27.709,85.605,27.735,85.635
11841,18524,27.735,85.664,27.761,85.693
11840,18523,27.735,85.635,27.761,85.664
11839,18522,27.735,85.605,27.761,85.635
11838,18521,27.761,85.752,27.787,85.781
11837,18518,27.761,85.664,27.787,85.693
11836,18517,27.761,85.635,27.787,85.664
11835,18516,27.761,85.605,27.787,85.635
11834,18515,27.787,85.752,27.813,85.781
11833,18512,27.787,85.664,27.813,85.693
11832,18511,27.787,85.635,27.813,85.664
11831,18510,27.787,85.605,27.813,85.635
11830,18509,27.813,85.752,27.839,85.781
11829,18506,27.813,85.664,27.839,85.693
11828,18505,27.813,85.635,27.839,85.664
11827,18504,27.813,85.605,27.839,85.635
11826,18502,27.528,85.723,27.554,85.752
11825,18501,27.528,85.693,27.554,85.723
11824,18500,27.528,85.664,27.554,85.693
11823,18499,27.528,85.635,27.554,85.664
11822,18498,27.528,85.605,27.554,85.635
11821,18496,27.554,85.723,27.58,85.752
11820,18495,27.554,85.693,27.58,85.723
11819,18494,27.554,85.664,27.58,85.693
11818,18493,27.554,85.635,27.58,85.664
11817,18492,27.554,85.605,27.58,85.635
11816,18490,27.58,85.723,27.606,85.752
11815,18489,27.58,85.693,27.606,85.723
11814,18488,27.58,85.664,27.606,85.693
11813,18487,27.58,85.635,27.606,85.664
11812,18486,27.58,85.605,27.606,85.635
11811,18483,27.606,85.693,27.632,85.723
11810,18482,27.606,85.664,27.632,85.693
11809,18481,27.606,85.635,27.632,85.664
11808,18480,27.606,85.605,27.632,85.635
11807,18477,27.632,85.693,27.658,85.723
11806,18476,27.632,85.664,27.658,85.693
11805,18475,27.632,85.635,27.658,85.664
11804,18474,27.632,85.605,27.658,85.635
11803,18470,27.658,85.664,27.684,85.693
11802,18469,27.658,85.635,27.684,85.664
11801,18468,27.658,85.605,27.684,85.635
11800,18467,27.372,85.752,27.398,85.781
11799,18466,27.372,85.723,27.398,85.752
11798,18465,27.372,85.693,27.398,85.723
11797,18464,27.372,85.664,27.398,85.693
11796,18463,27.372,85.635,27.398,85.664
11795,18462,27.372,85.605,27.398,85.635
11794,18461,27.398,85.752,27.424,85.781
11793,18460,27.398,85.723,27.424,85.752
11792,18459,27.398,85.693,27.424,85.723
11791,18458,27.398,85.664,27.424,85.693
11790,18457,27.398,85.635,27.424,85.664
11789,18456,27.398,85.605,27.424,85.635
11788,18455,27.424,85.752,27.45,85.781
11787,18454,27.424,85.723,27.45,85.752
11786,18453,27.424,85.693,27.45,85.723
11785,18452,27.424,85.664,27.45,85.693
11784,18451,27.424,85.635,27.45,85.664
11783,18450,27.424,85.605,27.45,85.635
11782,18449,27.45,85.752,27.476,85.781
11781,18448,27.45,85.723,27.476,85.752
11780,18447,27.45,85.693,27.476,85.723
11779,18446,27.45,85.664,27.476,85.693
11778,18445,27.45,85.635,27.476,85.664
11777,18444,27.45,85.605,27.476,85.635
11776,18443,27.476,85.752,27.502,85.781
11775,18442,27.476,85.723,27.502,85.752
11774,18441,27.476,85.693,27.502,85.723
11773,18440,27.476,85.664,27.502,85.693
11772,18439,27.476,85.635,27.502,85.664
11771,18438,27.476,85.605,27.502,85.635
11770,18436,27.502,85.723,27.528,85.752
11769,18435,27.502,85.693,27.528,85.723
11768,18434,27.502,85.664,27.528,85.693
11767,18433,27.502,85.635,27.528,85.664
11766,18432,27.502,85.605,27.528,85.635
11765,18071,27.994,85.576,28.02,85.605
11764,18070,27.994,85.547,28.02,85.576
11763,18069,27.994,85.518,28.02,85.547
11762,18068,27.994,85.488,28.02,85.518
11761,18067,27.994,85.459,28.02,85.488
11760,18066,27.994,85.43,28.02,85.459
11759,18065,28.02,85.576,28.046,85.605
11758,18064,28.02,85.547,28.046,85.576
11757,18063,28.02,85.518,28.046,85.547
11756,18062,28.02,85.488,28.046,85.518
11755,18061,28.02,85.459,28.046,85.488
11754,18060,28.02,85.43,28.046,85.459
11753,18059,28.046,85.576,28.072,85.605
11752,18058,28.046,85.547,28.072,85.576
11751,18057,28.046,85.518,28.072,85.547
11750,18056,28.046,85.488,28.072,85.518
11749,18055,28.046,85.459,28.072,85.488
11748,18054,28.046,85.43,28.072,85.459
11747,18053,28.072,85.576,28.098,85.605
11746,18052,28.072,85.547,28.098,85.576
11745,18051,28.072,85.518,28.098,85.547
11744,18047,28.098,85.576,28.124,85.605
11743,18045,28.098,85.518,28.124,85.547
11742,18041,28.124,85.576,28.15,85.605
11741,18040,28.124,85.547,28.15,85.576
11740,18038,28.124,85.488,28.15,85.518
11739,18037,28.124,85.459,28.15,85.488
11738,18036,28.124,85.43,28.15,85.459
11737,18035,27.839,85.576,27.865,85.605
11736,18034,27.839,85.547,27.865,85.576
11735,18033,27.839,85.518,27.865,85.547
11734,18032,27.839,85.488,27.865,85.518
11733,18031,27.839,85.459,27.865,85.488
11732,18030,27.839,85.43,27.865,85.459
11731,18029,27.865,85.576,27.891,85.605
11730,18028,27.865,85.547,27.891,85.576
11729,18027,27.865,85.518,27.891,85.547
11728,18026,27.865,85.488,27.891,85.518
11727,18025,27.865,85.459,27.891,85.488
11726,18024,27.865,85.43,27.891,85.459
11725,18023,27.891,85.576,27.917,85.605
11724,18022,27.891,85.547,27.917,85.576
11723,18021,27.891,85.518,27.917,85.547
11722,18020,27.891,85.488,27.917,85.518
11721,18019,27.891,85.459,27.917,85.488
11720,18018,27.891,85.43,27.917,85.459
11719,18017,27.917,85.576,27.943,85.605
11718,18016,27.917,85.547,27.943,85.576
11717,18015,27.917,85.518,27.943,85.547
11716,18014,27.917,85.488,27.943,85.518
11715,18013,27.917,85.459,27.943,85.488
11714,18012,27.917,85.43,27.943,85.459
11713,18011,27.943,85.576,27.969,85.605
11712,18010,27.943,85.547,27.969,85.576
11711,18009,27.943,85.518,27.969,85.547
11710,18008,27.943,85.488,27.969,85.518
11709,18007,27.943,85.459,27.969,85.488
11708,18006,27.943,85.43,27.969,85.459
11707,18005,27.969,85.576,27.994,85.605
11706,18004,27.969,85.547,27.994,85.576
11705,18003,27.969,85.518,27.994,85.547
11704,18002,27.969,85.488,27.994,85.518
11703,18001,27.969,85.459,27.994,85.488
11702,18000,27.969,85.43,27.994,85.459
11701,17999,27.684,85.576,27.709,85.605
11700,17998,27.684,85.547,27.709,85.576
11699,17997,27.684,85.518,27.709,85.547
11698,17996,27.684,85.488,27.709,85.518
11697,17995,27.684,85.459,27.709,85.488
11696,17994,27.684,85.43,27.709,85.459
11695,17993,27.709,85.576,27.735,85.605
11694,17992,27.709,85.547,27.735,85.576
11674,17972,27.787,85.488,27.813,85.518
11673,17971,27.787,85.459,27.813,85.488
11672,17970,27.787,85.43,27.813,85.459
11671,17969,27.813,85.576,27.839,85.605
11670,17968,27.813,85.547,27.839,85.576
11669,17967,27.813,85.518,27.839,85.547
11668,17966,27.813,85.488,27.839,85.518
11667,17965,27.813,85.459,27.839,85.488
11666,17964,27.813,85.43,27.839,85.459
11665,17963,27.528,85.576,27.554,85.605
11664,17959,27.528,85.459,27.554,85.488
11663,17958,27.528,85.43,27.554,85.459
11662,17957,27.554,85.576,27.58,85.605
11661,17956,27.554,85.547,27.58,85.576
11660,17955,27.554,85.518,27.58,85.547
11659,17954,27.554,85.488,27.58,85.518
11658,17953,27.554,85.459,27.58,85.488
11657,17952,27.554,85.43,27.58,85.459
11656,17951,27.58,85.576,27.606,85.605
11655,17950,27.58,85.547,27.606,85.576
11654,17949,27.58,85.518,27.606,85.547
11653,17948,27.58,85.488,27.606,85.518
11652,17947,27.58,85.459,27.606,85.488
11651,17946,27.58,85.43,27.606,85.459
11650,17945,27.606,85.576,27.632,85.605
11649,17944,27.606,85.547,27.632,85.576
11648,17943,27.606,85.518,27.632,85.547
11647,17942,27.606,85.488,27.632,85.518
11646,17941,27.606,85.459,27.632,85.488
11645,17940,27.606,85.43,27.632,85.459
11644,17939,27.632,85.576,27.658,85.605
11643,17938,27.632,85.547,27.658,85.576
11642,17937,27.632,85.518,27.658,85.547
11641,17936,27.632,85.488,27.658,85.518
11640,17935,27.632,85.459,27.658,85.488
11639,17934,27.632,85.43,27.658,85.459
11638,17933,27.658,85.576,27.684,85.605
11637,17932,27.658,85.547,27.684,85.576
11636,17931,27.658,85.518,27.684,85.547
11635,17930,27.658,85.488,27.684,85.518
11634,17929,27.658,85.459,27.684,85.488
11633,17928,27.658,85.43,27.684,85.459
11632,17923,27.372,85.459,27.398,85.488
11631,17922,27.372,85.43,27.398,85.459
11630,17918,27.398,85.488,27.424,85.518
11629,17917,27.398,85.459,27.424,85.488
11628,17916,27.398,85.43,27.424,85.459
11627,17913,27.424,85.518,27.45,85.547
11626,17912,27.424,85.488,27.45,85.518
11625,17911,27.424,85.459,27.45,85.488
11624,17910,27.424,85.43,27.45,85.459
11623,17907,27.45,85.518,27.476,85.547
11622,17906,27.45,85.488,27.476,85.518
11621,17905,27.45,85.459,27.476,85.488
11620,17904,27.45,85.43,27.476,85.459
11619,17903,27.476,85.576,27.502,85.605
11618,17902,27.476,85.547,27.502,85.576
11617,17901,27.476,85.518,27.502,85.547
11616,17900,27.476,85.488,27.502,85.518
11615,17899,27.476,85.459,27.502,85.488
11614,17898,27.476,85.43,27.502,85.459
11613,17897,27.502,85.576,27.528,85.605
11612,17896,27.502,85.547,27.528,85.576
11611,17895,27.502,85.518,27.528,85.547
11610,17893,27.502,85.459,27.528,85.488
11609,17892,27.502,85.43,27.528,85.459
11608,17531,27.994,85.4,28.02,85.43
11607,17530,27.994,85.371,28.02,85.4
11606,17529,27.994,85.342,28.02,85.371
11605,17528,27.994,85.313,28.02,85.342
11604,17527,27.994,85.283,28.02,85.313
11603,17526,27.994,85.254,28.02,85.283
11602,17525,28.02,85.4,28.046,85.43
11601,17524,28.02,85.371,28.046,85.4
11600,17523,28.02,85.342,28.046,85.371
11599,17522,28.02,85.313,28.046,85.342
11598,17521,28.02,85.283,28.046,85.313
11597,17520,28.02,85.254,28.046,85.283
11596,17518,28.046,85.371,28.072,85.4
11595,17517,28.046,85.342,28.072,85.371
11594,17516,28.046,85.313,28.072,85.342
11593,17515,28.046,85.283,28.072,85.313
11592,17514,28.046,85.254,28.072,85.283
11591,17512,28.072,85.371,28.098,85.4
11590,17511,28.072,85.342,28.098,85.371
11589,17510,28.072,85.313,28.098,85.342
11588,17509,28.072,85.283,28.098,85.313
11587,17508,28.072,85.254,28.098,85.283
11586,17507,28.098,85.4,28.124,85.43
11585,17506,28.098,85.371,28.124,85.4
11584,17505,28.098,85.342,28.124,85.371
11583,17504,28.098,85.313,28.124,85.342
11582,17503,28.098,85.283,28.124,85.313
11581,17502,28.098,85.254,28.124,85.283
11580,17501,28.124,85.4,28.15,85.43
11579,17500,28.124,85.371,28.15,85.4
11578,17499,28.124,85.342,28.15,85.371
11577,17498,28.124,85.313,28.15,85.342
11576,17497,28.124,85.283,28.15,85.313
11575,17496,28.124,85.254,28.15,85.283
11574,17495,27.839,85.4,27.865,85.43
11573,17494,27.839,85.371,27.865,85.4
11572,17493,27.839,85.342,27.865,85.371
11571,17492,27.839,85.313,27.865,85.342
11570,17491,27.839,85.283,27.865,85.313
11569,17490,27.839,85.254,27.865,85.283
11568,17489,27.865,85.4,27.891,85.43
11567,17488,27.865,85.371,27.891,85.4
11566,17487,27.865,85.342,27.891,85.371
11565,17486,27.865,85.313,27.891,85.342
11564,17485,27.865,85.283,27.891,85.313
11563,17484,27.865,85.254,27.891,85.283
11562,17483,27.891,85.4,27.917,85.43
11561,17482,27.891,85.371,27.917,85.4
11560,17481,27.891,85.342,27.917,85.371
11559,17480,27.891,85.313,27.917,85.342
11558,17479,27.891,85.283,27.917,85.313
11557,17478,27.891,85.254,27.917,85.283
11556,17477,27.917,85.4,27.943,85.43
11555,17476,27.917,85.371,27.943,85.4
11554,17475,27.917,85.342,27.943,85.371
11553,17474,27.917,85.313,27.943,85.342
11552,17473,27.917,85.283,27.943,85.313
11551,17472,27.917,85.254,27.943,85.283
11550,17471,27.943,85.4,27.969,85.43
11549,17470,27.943,85.371,27.969,85.4
11548,17469,27.943,85.342,27.969,85.371
11547,17468,27.943,85.313,27.969,85.342
11546,17467,27.943,85.283,27.969,85.313
11545,17466,27.943,85.254,27.969,85.283
11544,17465,27.969,85.4,27.994,85.43
11543,17464,27.969,85.371,27.994,85.4
11542,17463,27.969,85.342,27.994,85.371
11541,17462,27.969,85.313,27.994,85.342
11540,17461,27.969,85.283,27.994,85.313
11539,17460,27.969,85.254,27.994,85.283
11538,17387,27.372,85.4,27.398,85.43
11537,17386,27.372,85.371,27.398,85.4
11536,17385,27.372,85.342,27.398,85.371
11535,17384,27.372,85.313,27.398,85.342
11534,17383,27.372,85.283,27.398,85.313
11533,17382,27.372,85.254,27.398,85.283
11532,17380,27.398,85.371,27.424,85.4
11531,17379,27.398,85.342,27.424,85.371
11530,17378,27.398,85.313,27.424,85.342
11529,17377,27.398,85.283,27.424,85.313
11528,17376,27.398,85.254,27.424,85.283
11527,17375,27.424,85.4,27.45,85.43
11526,17374,27.424,85.371,27.45,85.4
11525,17373,27.424,85.342,27.45,85.371
11524,17372,27.424,85.313,27.45,85.342
11523,17371,27.424,85.283,27.45,85.313
11522,17370,27.424,85.254,27.45,85.283
11521,17369,27.45,85.4,27.476,85.43
11520,17368,27.45,85.371,27.476,85.4
11519,17367,27.45,85.342,27.476,85.371
11518,17366,27.45,85.313,27.476,85.342
11517,17365,27.45,85.283,27.476,85.313
11516,17364,27.45,85.254,27.476,85.283
11515,17363,27.476,85.4,27.502,85.43
11514,17362,27.476,85.371,27.502,85.4
11513,17361,27.476,85.342,27.502,85.371
11512,17360,27.476,85.313,27.502,85.342
11511,17359,27.476,85.283,27.502,85.313
11510,17358,27.476,85.254,27.502,85.283
11509,17357,27.502,85.4,27.528,85.43
11508,17356,27.502,85.371,27.528,85.4
11507,17355,27.502,85.342,27.528,85.371
11506,17354,27.502,85.313,27.528,85.342
11505,17353,27.502,85.283,27.528,85.313
11504,17352,27.502,85.254,27.528,85.283
11503,17351,27.216,85.4,27.242,85.43
11502,17350,27.216,85.371,27.242,85.4
11501,17349,27.216,85.342,27.242,85.371
11500,17348,27.216,85.313,27.242,85.342
11499,17347,27.216,85.283,27.242,85.313
11498,17346,27.216,85.254,27.242,85.283
11497,17345,27.242,85.4,27.268,85.43
11496,17344,27.242,85.371,27.268,85.4
11495,17343,27.242,85.342,27.268,85.371
11494,17342,27.242,85.313,27.268,85.342
11493,17341,27.242,85.283,27.268,85.313
11492,17340,27.242,85.254,27.268,85.283
11491,17339,27.268,85.4,27.294,85.43
11490,17338,27.268,85.371,27.294,85.4
11489,17337,27.268,85.342,27.294,85.371
11488,17336,27.268,85.313,27.294,85.342
11487,17335,27.268,85.283,27.294,85.313
11486,17334,27.268,85.254,27.294,85.283
11485,17333,27.294,85.4,27.32,85.43
11484,17332,27.294,85.371,27.32,85.4
11483,17331,27.294,85.342,27.32,85.371
11482,17330,27.294,85.313,27.32,85.342
11481,17329,27.294,85.283,27.32,85.313
11480,17328,27.294,85.254,27.32,85.283
11479,17327,27.32,85.4,27.346,85.43
11478,17326,27.32,85.371,27.346,85.4
11477,17325,27.32,85.342,27.346,85.371
11476,17324,27.32,85.313,27.346,85.342
11475,17323,27.32,85.283,27.346,85.313
11474,17322,27.32,85.254,27.346,85.283
11473,17321,27.346,85.4,27.372,85.43
11472,17320,27.346,85.371,27.372,85.4
11471,17319,27.346,85.342,27.372,85.371
11470,17318,27.346,85.313,27.372,85.342
11469,17317,27.346,85.283,27.372,85.313
11468,17316,27.346,85.254,27.372,85.283
11467,16955,28.15,85.225,28.175,85.254
11466,16954,28.15,85.195,28.175,85.225
11465,16953,28.15,85.166,28.175,85.195
11464,16952,28.15,85.137,28.175,85.166
11463,16951,28.15,85.107,28.175,85.137
11462,16950,28.15,85.078,28.175,85.107
11461,16949,28.175,85.225,28.201,85.254
11460,16948,28.175,85.195,28.201,85.225
11459,16947,28.175,85.166,28.201,85.195
10930,15758,28.02,84.785,28.046,84.814
10929,15757,28.02,84.756,28.046,84.785
10928,15756,28.02,84.727,28.046,84.756
10927,15755,28.046,84.873,28.072,84.902
10926,15754,28.046,84.844,28.072,84.873
10925,15753,28.046,84.814,28.072,84.844
10924,15752,28.046,84.785,28.072,84.814
10923,15751,28.046,84.756,28.072,84.785
10922,15750,28.046,84.727,28.072,84.756
10921,15749,28.072,84.873,28.098,84.902
10920,15748,28.072,84.844,28.098,84.873
10919,15747,28.072,84.814,28.098,84.844
10918,15746,28.072,84.785,28.098,84.814
10917,15745,28.072,84.756,28.098,84.785
10916,15744,28.072,84.727,28.098,84.756
10915,15743,28.098,84.873,28.124,84.902
10914,15742,28.098,84.844,28.124,84.873
10913,15741,28.098,84.814,28.124,84.844
10912,15740,28.098,84.785,28.124,84.814
10911,15739,28.098,84.756,28.124,84.785
10910,15738,28.098,84.727,28.124,84.756
10909,15737,28.124,84.873,28.15,84.902
10908,15736,28.124,84.844,28.15,84.873
10907,15735,28.124,84.814,28.15,84.844
10906,15734,28.124,84.785,28.15,84.814
10905,15733,28.124,84.756,28.15,84.785
10904,15732,28.124,84.727,28.15,84.756
10903,15731,27.839,84.873,27.865,84.902
10902,15730,27.839,84.844,27.865,84.873
10901,15729,27.839,84.814,27.865,84.844
10900,15728,27.839,84.785,27.865,84.814
10899,15727,27.839,84.756,27.865,84.785
10898,15726,27.839,84.727,27.865,84.756
10897,15725,27.865,84.873,27.891,84.902
10896,15724,27.865,84.844,27.891,84.873
10895,15723,27.865,84.814,27.891,84.844
10894,15722,27.865,84.785,27.891,84.814
10893,15721,27.865,84.756,27.891,84.785
10892,15720,27.865,84.727,27.891,84.756
10891,15719,27.891,84.873,27.917,84.902
10890,15718,27.891,84.844,27.917,84.873
10889,15717,27.891,84.814,27.917,84.844
10888,15716,27.891,84.785,27.917,84.814
10887,15715,27.891,84.756,27.917,84.785
10886,15714,27.891,84.727,27.917,84.756
10885,15713,27.917,84.873,27.943,84.902
10884,15712,27.917,84.844,27.943,84.873
10883,15711,27.917,84.814,27.943,84.844
10882,15710,27.917,84.785,27.943,84.814
10881,15709,27.917,84.756,27.943,84.785
10880,15708,27.917,84.727,27.943,84.756
10879,15707,27.943,84.873,27.969,84.902
10878,15706,27.943,84.844,27.969,84.873
10877,15705,27.943,84.814,27.969,84.844
10876,15704,27.943,84.785,27.969,84.814
10875,15703,27.943,84.756,27.969,84.785
10874,15702,27.943,84.727,27.969,84.756
10873,15701,27.969,84.873,27.994,84.902
10872,15700,27.969,84.844,27.994,84.873
10871,15699,27.969,84.814,27.994,84.844
10870,15698,27.969,84.785,27.994,84.814
10869,15697,27.969,84.756,27.994,84.785
10868,15696,27.969,84.727,27.994,84.756
10867,15695,27.684,84.873,27.709,84.902
10866,15694,27.684,84.844,27.709,84.873
10865,15693,27.684,84.814,27.709,84.844
10864,15692,27.684,84.785,27.709,84.814
10863,15691,27.684,84.756,27.709,84.785
10862,15690,27.684,84.727,27.709,84.756
10861,15689,27.709,84.873,27.735,84.902
10860,15688,27.709,84.844,27.735,84.873
10859,15687,27.709,84.814,27.735,84.844
10858,15686,27.709,84.785,27.735,84.814
10857,15685,27.709,84.756,27.735,84.785
10856,15684,27.709,84.727,27.735,84.756
10855,15683,27.735,84.873,27.761,84.902
10854,15682,27.735,84.844,27.761,84.873
10853,15681,27.735,84.814,27.761,84.844
10852,15680,27.735,84.785,27.761,84.814
10851,15679,27.735,84.756,27.761,84.785
10850,15678,27.735,84.727,27.761,84.756
10849,15677,27.761,84.873,27.787,84.902
10848,15676,27.761,84.844,27.787,84.873
10847,15675,27.761,84.814,27.787,84.844
10846,15674,27.761,84.785,27.787,84.814
10845,15673,27.761,84.756,27.787,84.785
10844,15672,27.761,84.727,27.787,84.756
10843,15671,27.787,84.873,27.813,84.902
10842,15670,27.787,84.844,27.813,84.873
10841,15669,27.787,84.814,27.813,84.844
10840,15668,27.787,84.785,27.813,84.814
10839,15667,27.787,84.756,27.813,84.785
10838,15666,27.787,84.727,27.813,84.756
10837,15665,27.813,84.873,27.839,84.902
10836,15664,27.813,84.844,27.839,84.873
10835,15663,27.813,84.814,27.839,84.844
10834,15662,27.813,84.785,27.839,84.814
11693,17991,27.709,85.518,27.735,85.547
11692,17990,27.709,85.488,27.735,85.518
11691,17989,27.709,85.459,27.735,85.488
11690,17988,27.709,85.43,27.735,85.459
11689,17987,27.735,85.576,27.761,85.605
11688,17986,27.735,85.547,27.761,85.576
11687,17985,27.735,85.518,27.761,85.547
11686,17984,27.735,85.488,27.761,85.518
11685,17983,27.735,85.459,27.761,85.488
11684,17982,27.735,85.43,27.761,85.459
11683,17981,27.761,85.576,27.787,85.605
11682,17980,27.761,85.547,27.787,85.576
11681,17979,27.761,85.518,27.787,85.547
11680,17978,27.761,85.488,27.787,85.518
11679,17977,27.761,85.459,27.787,85.488
11678,17976,27.761,85.43,27.787,85.459
11677,17975,27.787,85.576,27.813,85.605
11676,17974,27.787,85.547,27.813,85.576
11675,17973,27.787,85.518,27.813,85.547
10833,15661,27.813,84.756,27.839,84.785
10832,15660,27.813,84.727,27.839,84.756
10831,15659,27.528,84.873,27.554,84.902
10830,15658,27.528,84.844,27.554,84.873
10829,15657,27.528,84.814,27.554,84.844
10828,15656,27.528,84.785,27.554,84.814
10827,15655,27.528,84.756,27.554,84.785
10826,15654,27.528,84.727,27.554,84.756
10825,15653,27.554,84.873,27.58,84.902
10824,15652,27.554,84.844,27.58,84.873
10823,15651,27.554,84.814,27.58,84.844
10822,15650,27.554,84.785,27.58,84.814
10821,15649,27.554,84.756,27.58,84.785
10820,15648,27.554,84.727,27.58,84.756
10819,15647,27.58,84.873,27.606,84.902
10818,15646,27.58,84.844,27.606,84.873
10817,15645,27.58,84.814,27.606,84.844
10816,15644,27.58,84.785,27.606,84.814
10815,15643,27.58,84.756,27.606,84.785
10814,15642,27.58,84.727,27.606,84.756
10813,15641,27.606,84.873,27.632,84.902
10812,15640,27.606,84.844,27.632,84.873
10811,15639,27.606,84.814,27.632,84.844
10810,15638,27.606,84.785,27.632,84.814
10809,15637,27.606,84.756,27.632,84.785
10808,15636,27.606,84.727,27.632,84.756
10807,15635,27.632,84.873,27.658,84.902
10806,15634,27.632,84.844,27.658,84.873
10805,15633,27.632,84.814,27.658,84.844
10804,15632,27.632,84.785,27.658,84.814
10803,15631,27.632,84.756,27.658,84.785
10802,15630,27.632,84.727,27.658,84.756
10801,15629,27.658,84.873,27.684,84.902
10800,15628,27.658,84.844,27.684,84.873
10799,15627,27.658,84.814,27.684,84.844
10798,15626,27.658,84.785,27.684,84.814
10797,15625,27.658,84.756,27.684,84.785
10796,15624,27.658,84.727,27.684,84.756
10795,15623,27.372,84.873,27.398,84.902
10794,15622,27.372,84.844,27.398,84.873
10793,15621,27.372,84.814,27.398,84.844
10792,15620,27.372,84.785,27.398,84.814
10791,15619,27.372,84.756,27.398,84.785
10790,15618,27.372,84.727,27.398,84.756
10789,15617,27.398,84.873,27.424,84.902
10788,15616,27.398,84.844,27.424,84.873
10787,15615,27.398,84.814,27.424,84.844
10786,15614,27.398,84.785,27.424,84.814
10785,15613,27.398,84.756,27.424,84.785
10784,15612,27.398,84.727,27.424,84.756
10783,15611,27.424,84.873,27.45,84.902
10782,15610,27.424,84.844,27.45,84.873
10781,15609,27.424,84.814,27.45,84.844
10780,15608,27.424,84.785,27.45,84.814
10779,15607,27.424,84.756,27.45,84.785
10778,15606,27.424,84.727,27.45,84.756
10777,15605,27.45,84.873,27.476,84.902
10776,15604,27.45,84.844,27.476,84.873
10775,15603,27.45,84.814,27.476,84.844
10774,15602,27.45,84.785,27.476,84.814
10773,15601,27.45,84.756,27.476,84.785
10772,15600,27.45,84.727,27.476,84.756
10771,15598,27.476,84.844,27.502,84.873
10770,15597,27.476,84.814,27.502,84.844
10769,15596,27.476,84.785,27.502,84.814
10768,15595,27.476,84.756,27.502,84.785
10767,15594,27.476,84.727,27.502,84.756
10766,15593,27.502,84.873,27.528,84.902
10765,15592,27.502,84.844,27.528,84.873
10764,15591,27.502,84.814,27.528,84.844
10763,15590,27.502,84.785,27.528,84.814
10762,15589,27.502,84.756,27.528,84.785
10761,15588,27.502,84.727,27.528,84.756
10760,15587,27.216,84.873,27.242,84.902
10759,15586,27.216,84.844,27.242,84.873
10758,15585,27.216,84.814,27.242,84.844
10757,15584,27.216,84.785,27.242,84.814
10756,15581,27.242,84.873,27.268,84.902
10755,15580,27.242,84.844,27.268,84.873
10754,15579,27.242,84.814,27.268,84.844
10753,15578,27.242,84.785,27.268,84.814
10752,15577,27.242,84.756,27.268,84.785
10751,15575,27.268,84.873,27.294,84.902
10750,15574,27.268,84.844,27.294,84.873
10749,15573,27.268,84.814,27.294,84.844
10748,15572,27.268,84.785,27.294,84.814
10747,15571,27.268,84.756,27.294,84.785
10746,15569,27.294,84.873,27.32,84.902
10745,15568,27.294,84.844,27.32,84.873
10744,15567,27.294,84.814,27.32,84.844
10743,15566,27.294,84.785,27.32,84.814
10742,15565,27.294,84.756,27.32,84.785
10741,15563,27.32,84.873,27.346,84.902
10740,15562,27.32,84.844,27.346,84.873
10739,15561,27.32,84.814,27.346,84.844
10738,15560,27.32,84.785,27.346,84.814
10737,15559,27.32,84.756,27.346,84.785
10736,15558,27.32,84.727,27.346,84.756
10735,15557,27.346,84.873,27.372,84.902
10734,15556,27.346,84.844,27.372,84.873
10733,15555,27.346,84.814,27.372,84.844
10732,15554,27.346,84.785,27.372,84.814
10731,15553,27.346,84.756,27.372,84.785
10730,15552,27.346,84.727,27.372,84.756
10729,15521,27.189,84.873,27.216,84.902
10728,15520,27.189,84.844,27.216,84.873
10727,15519,27.189,84.814,27.216,84.844
10726,15518,27.189,84.785,27.216,84.814
10725,15119,27.684,84.697,27.709,84.727
10724,15118,27.684,84.668,27.709,84.697
10723,15117,27.684,84.639,27.709,84.668
10722,15116,27.684,84.609,27.709,84.639
10721,15115,27.684,84.58,27.709,84.609
10720,15114,27.684,84.551,27.709,84.58
10719,15113,27.709,84.697,27.735,84.727
10718,15112,27.709,84.668,27.735,84.697
10717,15111,27.709,84.639,27.735,84.668
10716,15110,27.709,84.609,27.735,84.639
10715,15109,27.709,84.58,27.735,84.609
11458,16946,28.175,85.137,28.201,85.166
11457,16945,28.175,85.107,28.201,85.137
11456,16944,28.175,85.078,28.201,85.107
11455,16943,28.201,85.225,28.227,85.254
11454,16941,28.201,85.166,28.227,85.195
11453,16940,28.201,85.137,28.227,85.166
11452,16939,28.201,85.107,28.227,85.137
11451,16938,28.201,85.078,28.227,85.107
11450,16935,28.227,85.166,28.253,85.195
11449,16934,28.227,85.137,28.253,85.166
11448,16933,28.227,85.107,28.253,85.137
11447,16932,28.227,85.078,28.253,85.107
11446,16930,28.253,85.195,28.279,85.225
11445,16929,28.253,85.166,28.279,85.195
11444,16928,28.253,85.137,28.279,85.166
11443,16927,28.253,85.107,28.279,85.137
11442,16926,28.253,85.078,28.279,85.107
11441,16924,28.279,85.195,28.304,85.225
11440,16923,28.279,85.166,28.304,85.195
11439,16921,28.279,85.107,28.304,85.137
11438,16920,28.279,85.078,28.304,85.107
11437,16919,27.994,85.225,28.02,85.254
11436,16918,27.994,85.195,28.02,85.225
11435,16917,27.994,85.166,28.02,85.195
11434,16916,27.994,85.137,28.02,85.166
11433,16915,27.994,85.107,28.02,85.137
11432,16914,27.994,85.078,28.02,85.107
11431,16913,28.02,85.225,28.046,85.254
11430,16912,28.02,85.195,28.046,85.225
11429,16911,28.02,85.166,28.046,85.195
11428,16910,28.02,85.137,28.046,85.166
11427,16909,28.02,85.107,28.046,85.137
11426,16908,28.02,85.078,28.046,85.107
11425,16907,28.046,85.225,28.072,85.254
11424,16906,28.046,85.195,28.072,85.225
11423,16905,28.046,85.166,28.072,85.195
11422,16904,28.046,85.137,28.072,85.166
11421,16903,28.046,85.107,28.072,85.137
11420,16902,28.046,85.078,28.072,85.107
11419,16901,28.072,85.225,28.098,85.254
11418,16900,28.072,85.195,28.098,85.225
11417,16899,28.072,85.166,28.098,85.195
11416,16898,28.072,85.137,28.098,85.166
11415,16897,28.072,85.107,28.098,85.137
11414,16896,28.072,85.078,28.098,85.107
11413,16895,28.098,85.225,28.124,85.254
11412,16894,28.098,85.195,28.124,85.225
11411,16893,28.098,85.166,28.124,85.195
11410,16892,28.098,85.137,28.124,85.166
11409,16891,28.098,85.107,28.124,85.137
11408,16890,28.098,85.078,28.124,85.107
11407,16889,28.124,85.225,28.15,85.254
11406,16888,28.124,85.195,28.15,85.225
11405,16887,28.124,85.166,28.15,85.195
11404,16886,28.124,85.137,28.15,85.166
11403,16885,28.124,85.107,28.15,85.137
11402,16884,28.124,85.078,28.15,85.107
11401,16883,27.839,85.225,27.865,85.254
11400,16882,27.839,85.195,27.865,85.225
11399,16881,27.839,85.166,27.865,85.195
11398,16880,27.839,85.137,27.865,85.166
11397,16879,27.839,85.107,27.865,85.137
11396,16878,27.839,85.078,27.865,85.107
11395,16877,27.865,85.225,27.891,85.254
11394,16876,27.865,85.195,27.891,85.225
11346,16828,27.761,85.195,27.787,85.225
11345,16827,27.761,85.166,27.787,85.195
11344,16826,27.761,85.137,27.787,85.166
11343,16825,27.761,85.107,27.787,85.137
11342,16824,27.761,85.078,27.787,85.107
11341,16823,27.787,85.225,27.813,85.254
11340,16822,27.787,85.195,27.813,85.225
11339,16821,27.787,85.166,27.813,85.195
11338,16820,27.787,85.137,27.813,85.166
11337,16819,27.787,85.107,27.813,85.137
11336,16818,27.787,85.078,27.813,85.107
11335,16817,27.813,85.225,27.839,85.254
11334,16816,27.813,85.195,27.839,85.225
11333,16815,27.813,85.166,27.839,85.195
11332,16814,27.813,85.137,27.839,85.166
11331,16813,27.813,85.107,27.839,85.137
11330,16812,27.813,85.078,27.839,85.107
11329,16811,27.528,85.225,27.554,85.254
11328,16810,27.528,85.195,27.554,85.225
11327,16809,27.528,85.166,27.554,85.195
11326,16808,27.528,85.137,27.554,85.166
11325,16807,27.528,85.107,27.554,85.137
11324,16806,27.528,85.078,27.554,85.107
11323,16805,27.554,85.225,27.58,85.254
11322,16804,27.554,85.195,27.58,85.225
11321,16803,27.554,85.166,27.58,85.195
11320,16802,27.554,85.137,27.58,85.166
11319,16801,27.554,85.107,27.58,85.137
11318,16800,27.554,85.078,27.58,85.107
11317,16799,27.58,85.225,27.606,85.254
11316,16798,27.58,85.195,27.606,85.225
11315,16797,27.58,85.166,27.606,85.195
11314,16796,27.58,85.137,27.606,85.166
11313,16795,27.58,85.107,27.606,85.137
11312,16794,27.58,85.078,27.606,85.107
11311,16793,27.606,85.225,27.632,85.254
11310,16792,27.606,85.195,27.632,85.225
11309,16791,27.606,85.166,27.632,85.195
11308,16790,27.606,85.137,27.632,85.166
11307,16789,27.606,85.107,27.632,85.137
11306,16788,27.606,85.078,27.632,85.107
11305,16787,27.632,85.225,27.658,85.254
11304,16786,27.632,85.195,27.658,85.225
11303,16785,27.632,85.166,27.658,85.195
11302,16784,27.632,85.137,27.658,85.166
11301,16783,27.632,85.107,27.658,85.137
11300,16782,27.632,85.078,27.658,85.107
11299,16781,27.658,85.225,27.684,85.254
11298,16780,27.658,85.195,27.684,85.225
11297,16779,27.658,85.166,27.684,85.195
11296,16778,27.658,85.137,27.684,85.166
11295,16777,27.658,85.107,27.684,85.137
11294,16776,27.658,85.078,27.684,85.107
11293,16775,27.372,85.225,27.398,85.254
11292,16774,27.372,85.195,27.398,85.225
11291,16773,27.372,85.166,27.398,85.195
11290,16772,27.372,85.137,27.398,85.166
11289,16771,27.372,85.107,27.398,85.137
11288,16770,27.372,85.078,27.398,85.107
11287,16769,27.398,85.225,27.424,85.254
11286,16768,27.398,85.195,27.424,85.225
11285,16767,27.398,85.166,27.424,85.195
11284,16766,27.398,85.137,27.424,85.166
11283,16765,27.398,85.107,27.424,85.137
11282,16764,27.398,85.078,27.424,85.107
11281,16763,27.424,85.225,27.45,85.254
11280,16762,27.424,85.195,27.45,85.225
11279,16761,27.424,85.166,27.45,85.195
11278,16760,27.424,85.137,27.45,85.166
11277,16759,27.424,85.107,27.45,85.137
11276,16758,27.424,85.078,27.45,85.107
11275,16757,27.45,85.225,27.476,85.254
11274,16756,27.45,85.195,27.476,85.225
11273,16755,27.45,85.166,27.476,85.195
11272,16754,27.45,85.137,27.476,85.166
11271,16753,27.45,85.107,27.476,85.137
11270,16752,27.45,85.078,27.476,85.107
11269,16751,27.476,85.225,27.502,85.254
11268,16750,27.476,85.195,27.502,85.225
11267,16749,27.476,85.166,27.502,85.195
11266,16748,27.476,85.137,27.502,85.166
11265,16747,27.476,85.107,27.502,85.137
11264,16746,27.476,85.078,27.502,85.107
11263,16745,27.502,85.225,27.528,85.254
11262,16744,27.502,85.195,27.528,85.225
11261,16743,27.502,85.166,27.528,85.195
11260,16742,27.502,85.137,27.528,85.166
11259,16741,27.502,85.107,27.528,85.137
11258,16740,27.502,85.078,27.528,85.107
11257,16739,27.216,85.225,27.242,85.254
11256,16738,27.216,85.195,27.242,85.225
11255,16737,27.216,85.166,27.242,85.195
11254,16736,27.216,85.137,27.242,85.166
11253,16735,27.216,85.107,27.242,85.137
11252,16734,27.216,85.078,27.242,85.107
11251,16733,27.242,85.225,27.268,85.254
11250,16732,27.242,85.195,27.268,85.225
11249,16731,27.242,85.166,27.268,85.195
11248,16730,27.242,85.137,27.268,85.166
11247,16729,27.242,85.107,27.268,85.137
11246,16728,27.242,85.078,27.268,85.107
11245,16727,27.268,85.225,27.294,85.254
11244,16726,27.268,85.195,27.294,85.225
11243,16725,27.268,85.166,27.294,85.195
11242,16724,27.268,85.137,27.294,85.166
11241,16723,27.268,85.107,27.294,85.137
11240,16722,27.268,85.078,27.294,85.107
11239,16721,27.294,85.225,27.32,85.254
11238,16720,27.294,85.195,27.32,85.225
11237,16719,27.294,85.166,27.32,85.195
11236,16718,27.294,85.137,27.32,85.166
11235,16717,27.294,85.107,27.32,85.137
11234,16716,27.294,85.078,27.32,85.107
11233,16715,27.32,85.225,27.346,85.254
11232,16714,27.32,85.195,27.346,85.225
11231,16713,27.32,85.166,27.346,85.195
11230,16712,27.32,85.137,27.346,85.166
11229,16711,27.32,85.107,27.346,85.137
11228,16710,27.32,85.078,27.346,85.107
11227,16709,27.346,85.225,27.372,85.254
11226,16708,27.346,85.195,27.372,85.225
11225,16707,27.346,85.166,27.372,85.195
11224,16706,27.346,85.137,27.372,85.166
11223,16705,27.346,85.107,27.372,85.137
11222,16704,27.346,85.078,27.372,85.107
11221,16703,27.059,85.225,27.085,85.254
11220,16697,27.085,85.225,27.111,85.254
11219,16691,27.111,85.225,27.137,85.254
11218,16690,27.111,85.195,27.137,85.225
11217,16687,27.111,85.107,27.137,85.137
11216,16685,27.137,85.225,27.163,85.254
11215,16684,27.137,85.195,27.163,85.225
11214,16683,27.137,85.166,27.163,85.195
11213,16679,27.163,85.225,27.189,85.254
11212,16678,27.163,85.195,27.189,85.225
11211,16677,27.163,85.166,27.189,85.195
11210,16673,27.189,85.225,27.216,85.254
11209,16672,27.189,85.195,27.216,85.225
11208,16671,27.189,85.166,27.216,85.195
11207,16670,27.189,85.137,27.216,85.166
11206,16669,27.189,85.107,27.216,85.137
11205,16379,28.15,85.049,28.175,85.078
11204,16378,28.15,85.02,28.175,85.049
11203,16377,28.15,84.99,28.175,85.02
11202,16376,28.15,84.961,28.175,84.99
11201,16375,28.15,84.932,28.175,84.961
11200,16374,28.15,84.902,28.175,84.932
11199,16373,28.175,85.049,28.201,85.078
11198,16372,28.175,85.02,28.201,85.049
11197,16371,28.175,84.99,28.201,85.02
11196,16370,28.175,84.961,28.201,84.99
11195,16369,28.175,84.932,28.201,84.961
11194,16368,28.175,84.902,28.201,84.932
11193,16367,28.201,85.049,28.227,85.078
11192,16366,28.201,85.02,28.227,85.049
11191,16365,28.201,84.99,28.227,85.02
11190,16364,28.201,84.961,28.227,84.99
11189,16363,28.201,84.932,28.227,84.961
11188,16362,28.201,84.902,28.227,84.932
11187,16361,28.227,85.049,28.253,85.078
11186,16360,28.227,85.02,28.253,85.049
11185,16359,28.227,84.99,28.253,85.02
11184,16358,28.227,84.961,28.253,84.99
11183,16357,28.227,84.932,28.253,84.961
11182,16356,28.227,84.902,28.253,84.932
11181,16355,28.253,85.049,28.279,85.078
11180,16354,28.253,85.02,28.279,85.049
11179,16353,28.253,84.99,28.279,85.02
11178,16352,28.253,84.961,28.279,84.99
11177,16351,28.253,84.932,28.279,84.961
11176,16350,28.253,84.902,28.279,84.932
11175,16349,28.279,85.049,28.304,85.078
11174,16348,28.279,85.02,28.304,85.049
11173,16347,28.279,84.99,28.304,85.02
11172,16346,28.279,84.961,28.304,84.99
11171,16345,28.279,84.932,28.304,84.961
11170,16344,28.279,84.902,28.304,84.932
11169,16343,27.994,85.049,28.02,85.078
11168,16342,27.994,85.02,28.02,85.049
11167,16341,27.994,84.99,28.02,85.02
11166,16340,27.994,84.961,28.02,84.99
11165,16339,27.994,84.932,28.02,84.961
11164,16338,27.994,84.902,28.02,84.932
11163,16337,28.02,85.049,28.046,85.078
11162,16336,28.02,85.02,28.046,85.049
11161,16335,28.02,84.99,28.046,85.02
11160,16334,28.02,84.961,28.046,84.99
11159,16333,28.02,84.932,28.046,84.961
11158,16332,28.02,84.902,28.046,84.932
11157,16331,28.046,85.049,28.072,85.078
11156,16330,28.046,85.02,28.072,85.049
11155,16329,28.046,84.99,28.072,85.02
11154,16328,28.046,84.961,28.072,84.99
11153,16327,28.046,84.932,28.072,84.961
11152,16326,28.046,84.902,28.072,84.932
11151,16325,28.072,85.049,28.098,85.078
11150,16324,28.072,85.02,28.098,85.049
11149,16323,28.072,84.99,28.098,85.02
11148,16322,28.072,84.961,28.098,84.99
11147,16321,28.072,84.932,28.098,84.961
11146,16320,28.072,84.902,28.098,84.932
11145,16319,28.098,85.049,28.124,85.078
11144,16318,28.098,85.02,28.124,85.049
11143,16317,28.098,84.99,28.124,85.02
11142,16316,28.098,84.961,28.124,84.99
11141,16315,28.098,84.932,28.124,84.961
11140,16314,28.098,84.902,28.124,84.932
11139,16313,28.124,85.049,28.15,85.078
11138,16312,28.124,85.02,28.15,85.049
11137,16311,28.124,84.99,28.15,85.02
11136,16310,28.124,84.961,28.15,84.99
11135,16309,28.124,84.932,28.15,84.961
11134,16308,28.124,84.902,28.15,84.932
11133,16307,27.839,85.049,27.865,85.078
11132,16306,27.839,85.02,27.865,85.049
11131,16305,27.839,84.99,27.865,85.02
11120,16294,27.891,85.02,27.917,85.049
11119,16293,27.891,84.99,27.917,85.02
11118,16292,27.891,84.961,27.917,84.99
11117,16291,27.891,84.932,27.917,84.961
11116,16290,27.891,84.902,27.917,84.932
11115,16289,27.917,85.049,27.943,85.078
11114,16288,27.917,85.02,27.943,85.049
11113,16287,27.917,84.99,27.943,85.02
11112,16286,27.917,84.961,27.943,84.99
11111,16285,27.917,84.932,27.943,84.961
11110,16284,27.917,84.902,27.943,84.932
11109,16283,27.943,85.049,27.969,85.078
11108,16282,27.943,85.02,27.969,85.049
11107,16281,27.943,84.99,27.969,85.02
11106,16280,27.943,84.961,27.969,84.99
11105,16279,27.943,84.932,27.969,84.961
11104,16278,27.943,84.902,27.969,84.932
11103,16277,27.969,85.049,27.994,85.078
11102,16276,27.969,85.02,27.994,85.049
11101,16275,27.969,84.99,27.994,85.02
11100,16274,27.969,84.961,27.994,84.99
11099,16273,27.969,84.932,27.994,84.961
11098,16272,27.969,84.902,27.994,84.932
11097,16271,27.684,85.049,27.709,85.078
11096,16270,27.684,85.02,27.709,85.049
11095,16269,27.684,84.99,27.709,85.02
11094,16268,27.684,84.961,27.709,84.99
11093,16267,27.684,84.932,27.709,84.961
11092,16266,27.684,84.902,27.709,84.932
11091,16265,27.709,85.049,27.735,85.078
11090,16264,27.709,85.02,27.735,85.049
11089,16263,27.709,84.99,27.735,85.02
11088,16262,27.709,84.961,27.735,84.99
11087,16261,27.709,84.932,27.735,84.961
11086,16260,27.709,84.902,27.735,84.932
11085,16259,27.735,85.049,27.761,85.078
11084,16258,27.735,85.02,27.761,85.049
11083,16257,27.735,84.99,27.761,85.02
11082,16256,27.735,84.961,27.761,84.99
11081,16255,27.735,84.932,27.761,84.961
11080,16254,27.735,84.902,27.761,84.932
11079,16253,27.761,85.049,27.787,85.078
11078,16252,27.761,85.02,27.787,85.049
11077,16251,27.761,84.99,27.787,85.02
11076,16250,27.761,84.961,27.787,84.99
11075,16249,27.761,84.932,27.787,84.961
11074,16248,27.761,84.902,27.787,84.932
11073,16247,27.787,85.049,27.813,85.078
11072,16246,27.787,85.02,27.813,85.049
11071,16245,27.787,84.99,27.813,85.02
11070,16244,27.787,84.961,27.813,84.99
11069,16243,27.787,84.932,27.813,84.961
11068,16242,27.787,84.902,27.813,84.932
11067,16241,27.813,85.049,27.839,85.078
11066,16240,27.813,85.02,27.839,85.049
11065,16239,27.813,84.99,27.839,85.02
11064,16238,27.813,84.961,27.839,84.99
11063,16237,27.813,84.932,27.839,84.961
11062,16236,27.813,84.902,27.839,84.932
11061,16235,27.528,85.049,27.554,85.078
11060,16233,27.528,84.99,27.554,85.02
11059,16232,27.528,84.961,27.554,84.99
11058,16231,27.528,84.932,27.554,84.961
11057,16230,27.528,84.902,27.554,84.932
11056,16229,27.554,85.049,27.58,85.078
11055,16228,27.554,85.02,27.58,85.049
11054,16227,27.554,84.99,27.58,85.02
11053,16226,27.554,84.961,27.58,84.99
11052,16225,27.554,84.932,27.58,84.961
11051,16224,27.554,84.902,27.58,84.932
11050,16223,27.58,85.049,27.606,85.078
11049,16222,27.58,85.02,27.606,85.049
11048,16221,27.58,84.99,27.606,85.02
11047,16220,27.58,84.961,27.606,84.99
11046,16219,27.58,84.932,27.606,84.961
11045,16218,27.58,84.902,27.606,84.932
11044,16217,27.606,85.049,27.632,85.078
11043,16216,27.606,85.02,27.632,85.049
11042,16215,27.606,84.99,27.632,85.02
11041,16214,27.606,84.961,27.632,84.99
11040,16213,27.606,84.932,27.632,84.961
11039,16212,27.606,84.902,27.632,84.932
11038,16211,27.632,85.049,27.658,85.078
11037,16210,27.632,85.02,27.658,85.049
11036,16209,27.632,84.99,27.658,85.02
11035,16208,27.632,84.961,27.658,84.99
11034,16207,27.632,84.932,27.658,84.961
11033,16206,27.632,84.902,27.658,84.932
11032,16205,27.658,85.049,27.684,85.078
11031,16204,27.658,85.02,27.684,85.049
11030,16203,27.658,84.99,27.684,85.02
11029,16202,27.658,84.961,27.684,84.99
11028,16201,27.658,84.932,27.684,84.961
11027,16200,27.658,84.902,27.684,84.932
11026,16199,27.372,85.049,27.398,85.078
11025,16198,27.372,85.02,27.398,85.049
11024,16197,27.372,84.99,27.398,85.02
11023,16196,27.372,84.961,27.398,84.99
11022,16194,27.372,84.902,27.398,84.932
11021,16193,27.398,85.049,27.424,85.078
11020,16192,27.398,85.02,27.424,85.049
11019,16191,27.398,84.99,27.424,85.02
11018,16190,27.398,84.961,27.424,84.99
11017,16187,27.424,85.049,27.45,85.078
11016,16186,27.424,85.02,27.45,85.049
11015,16185,27.424,84.99,27.45,85.02
11014,16184,27.424,84.961,27.45,84.99
11013,16183,27.424,84.932,27.45,84.961
11012,16182,27.424,84.902,27.45,84.932
11011,16181,27.45,85.049,27.476,85.078
11010,16180,27.45,85.02,27.476,85.049
11009,16179,27.45,84.99,27.476,85.02
11008,16178,27.45,84.961,27.476,84.99
11007,16177,27.45,84.932,27.476,84.961
11006,16176,27.45,84.902,27.476,84.932
11005,16175,27.476,85.049,27.502,85.078
11004,16174,27.476,85.02,27.502,85.049
11003,16173,27.476,84.99,27.502,85.02
11002,16172,27.476,84.961,27.502,84.99
11001,16171,27.476,84.932,27.502,84.961
11000,16170,27.476,84.902,27.502,84.932
10999,16169,27.502,85.049,27.528,85.078
10998,16168,27.502,85.02,27.528,85.049
10997,16167,27.502,84.99,27.528,85.02
10996,16166,27.502,84.961,27.528,84.99
10995,16165,27.502,84.932,27.528,84.961
10994,16164,27.502,84.902,27.528,84.932
10993,16158,27.216,84.902,27.242,84.932
10992,16157,27.242,85.049,27.268,85.078
10991,16156,27.242,85.02,27.268,85.049
10990,16152,27.242,84.902,27.268,84.932
10989,16151,27.268,85.049,27.294,85.078
10988,16150,27.268,85.02,27.294,85.049
10987,16146,27.268,84.902,27.294,84.932
10986,16139,27.32,85.049,27.346,85.078
10985,16138,27.32,85.02,27.346,85.049
10984,16137,27.32,84.99,27.346,85.02
10983,16134,27.32,84.902,27.346,84.932
10982,16133,27.346,85.049,27.372,85.078
10981,16132,27.346,85.02,27.372,85.049
10980,16131,27.346,84.99,27.372,85.02
10979,16128,27.346,84.902,27.372,84.932
10978,16109,27.137,85.049,27.163,85.078
10977,16103,27.163,85.049,27.189,85.078
10976,16097,27.189,85.049,27.216,85.078
10975,15803,28.15,84.873,28.175,84.902
10974,15802,28.15,84.844,28.175,84.873
10973,15801,28.15,84.814,28.175,84.844
10972,15800,28.15,84.785,28.175,84.814
10971,15799,28.15,84.756,28.175,84.785
10970,15798,28.15,84.727,28.175,84.756
10969,15797,28.175,84.873,28.201,84.902
10968,15796,28.175,84.844,28.201,84.873
10967,15795,28.175,84.814,28.201,84.844
10966,15794,28.175,84.785,28.201,84.814
10965,15793,28.175,84.756,28.201,84.785
10964,15792,28.175,84.727,28.201,84.756
10963,15791,28.201,84.873,28.227,84.902
10962,15790,28.201,84.844,28.227,84.873
10961,15789,28.201,84.814,28.227,84.844
10960,15788,28.201,84.785,28.227,84.814
10959,15787,28.201,84.756,28.227,84.785
10958,15786,28.201,84.727,28.227,84.756
10957,15785,28.227,84.873,28.253,84.902
10956,15784,28.227,84.844,28.253,84.873
10955,15783,28.227,84.814,28.253,84.844
10954,15782,28.227,84.785,28.253,84.814
10953,15781,28.227,84.756,28.253,84.785
10952,15780,28.227,84.727,28.253,84.756
10951,15779,28.253,84.873,28.279,84.902
10950,15778,28.253,84.844,28.279,84.873
10949,15777,28.253,84.814,28.279,84.844
10948,15776,28.253,84.785,28.279,84.814
10947,15775,28.253,84.756,28.279,84.785
10946,15774,28.253,84.727,28.279,84.756
10945,15773,28.279,84.873,28.304,84.902
10944,15772,28.279,84.844,28.304,84.873
10943,15771,28.279,84.814,28.304,84.844
10942,15770,28.279,84.785,28.304,84.814
10941,15769,28.279,84.756,28.304,84.785
10940,15768,28.279,84.727,28.304,84.756
10939,15767,27.994,84.873,28.02,84.902
10938,15766,27.994,84.844,28.02,84.873
10937,15765,27.994,84.814,28.02,84.844
10936,15764,27.994,84.785,28.02,84.814
10935,15763,27.994,84.756,28.02,84.785
10934,15762,27.994,84.727,28.02,84.756
10933,15761,28.02,84.873,28.046,84.902
10932,15760,28.02,84.844,28.046,84.873
10931,15759,28.02,84.814,28.046,84.844
11393,16875,27.865,85.166,27.891,85.195
11392,16874,27.865,85.137,27.891,85.166
11391,16873,27.865,85.107,27.891,85.137
11390,16872,27.865,85.078,27.891,85.107
11389,16871,27.891,85.225,27.917,85.254
11388,16870,27.891,85.195,27.917,85.225
11387,16869,27.891,85.166,27.917,85.195
11386,16868,27.891,85.137,27.917,85.166
11385,16867,27.891,85.107,27.917,85.137
11384,16866,27.891,85.078,27.917,85.107
11383,16865,27.917,85.225,27.943,85.254
11382,16864,27.917,85.195,27.943,85.225
11381,16863,27.917,85.166,27.943,85.195
11380,16862,27.917,85.137,27.943,85.166
11379,16861,27.917,85.107,27.943,85.137
11378,16860,27.917,85.078,27.943,85.107
11377,16859,27.943,85.225,27.969,85.254
11376,16858,27.943,85.195,27.969,85.225
11375,16857,27.943,85.166,27.969,85.195
11374,16856,27.943,85.137,27.969,85.166
11373,16855,27.943,85.107,27.969,85.137
11372,16854,27.943,85.078,27.969,85.107
11371,16853,27.969,85.225,27.994,85.254
11370,16852,27.969,85.195,27.994,85.225
11369,16851,27.969,85.166,27.994,85.195
11368,16850,27.969,85.137,27.994,85.166
11367,16849,27.969,85.107,27.994,85.137
11366,16848,27.969,85.078,27.994,85.107
11365,16847,27.684,85.225,27.709,85.254
11364,16846,27.684,85.195,27.709,85.225
11363,16845,27.684,85.166,27.709,85.195
11362,16844,27.684,85.137,27.709,85.166
11361,16843,27.684,85.107,27.709,85.137
11360,16842,27.684,85.078,27.709,85.107
11359,16841,27.709,85.225,27.735,85.254
11358,16840,27.709,85.195,27.735,85.225
11357,16839,27.709,85.166,27.735,85.195
11356,16838,27.709,85.137,27.735,85.166
11355,16837,27.709,85.107,27.735,85.137
11354,16836,27.709,85.078,27.735,85.107
11353,16835,27.735,85.225,27.761,85.254
11352,16834,27.735,85.195,27.761,85.225
11351,16833,27.735,85.166,27.761,85.195
11350,16832,27.735,85.137,27.761,85.166
11349,16831,27.735,85.107,27.761,85.137
11348,16830,27.735,85.078,27.761,85.107
11347,16829,27.761,85.225,27.787,85.254
11130,16304,27.839,84.961,27.865,84.99
11129,16303,27.839,84.932,27.865,84.961
11128,16302,27.839,84.902,27.865,84.932
11127,16301,27.865,85.049,27.891,85.078
11126,16300,27.865,85.02,27.891,85.049
11125,16299,27.865,84.99,27.891,85.02
11124,16298,27.865,84.961,27.891,84.99
11123,16297,27.865,84.932,27.891,84.961
11122,16296,27.865,84.902,27.891,84.932
11121,16295,27.891,85.049,27.917,85.078
10714,15108,27.709,84.551,27.735,84.58
10713,15107,27.735,84.697,27.761,84.727
10712,15106,27.735,84.668,27.761,84.697
10711,15105,27.735,84.639,27.761,84.668
10710,15104,27.735,84.609,27.761,84.639
10709,15103,27.735,84.58,27.761,84.609
10708,15102,27.735,84.551,27.761,84.58
10707,15101,27.761,84.697,27.787,84.727
10706,15100,27.761,84.668,27.787,84.697
10705,15099,27.761,84.639,27.787,84.668
10704,15098,27.761,84.609,27.787,84.639
10703,15097,27.761,84.58,27.787,84.609
10702,15096,27.761,84.551,27.787,84.58
10701,15095,27.787,84.697,27.813,84.727
10700,15094,27.787,84.668,27.813,84.697
10699,15093,27.787,84.639,27.813,84.668
10698,15092,27.787,84.609,27.813,84.639
10697,15091,27.787,84.58,27.813,84.609
10696,15090,27.787,84.551,27.813,84.58
10695,15089,27.813,84.697,27.839,84.727
10694,15088,27.813,84.668,27.839,84.697
10693,15087,27.813,84.639,27.839,84.668
10692,15086,27.813,84.609,27.839,84.639
10691,15085,27.813,84.58,27.839,84.609
10690,15084,27.813,84.551,27.839,84.58
10689,15083,27.528,84.697,27.554,84.727
10688,15081,27.528,84.639,27.554,84.668
10687,15080,27.528,84.609,27.554,84.639
10686,15079,27.528,84.58,27.554,84.609
10685,15078,27.528,84.551,27.554,84.58
10684,15077,27.554,84.697,27.58,84.727
10683,15076,27.554,84.668,27.58,84.697
10682,15075,27.554,84.639,27.58,84.668
10681,15074,27.554,84.609,27.58,84.639
10680,15073,27.554,84.58,27.58,84.609
10679,15072,27.554,84.551,27.58,84.58
10678,15071,27.58,84.697,27.606,84.727
10677,15070,27.58,84.668,27.606,84.697
10676,15069,27.58,84.639,27.606,84.668
10675,15068,27.58,84.609,27.606,84.639
10674,15067,27.58,84.58,27.606,84.609
10673,15066,27.58,84.551,27.606,84.58
10672,15065,27.606,84.697,27.632,84.727
10671,15064,27.606,84.668,27.632,84.697
10670,15063,27.606,84.639,27.632,84.668
10669,15062,27.606,84.609,27.632,84.639
10668,15061,27.606,84.58,27.632,84.609
10667,15060,27.606,84.551,27.632,84.58
10666,15059,27.632,84.697,27.658,84.727
10665,15058,27.632,84.668,27.658,84.697
10664,15057,27.632,84.639,27.658,84.668
10663,15056,27.632,84.609,27.658,84.639
10662,15055,27.632,84.58,27.658,84.609
10661,15054,27.632,84.551,27.658,84.58
10660,15053,27.658,84.697,27.684,84.727
10659,15052,27.658,84.668,27.684,84.697
10658,15051,27.658,84.639,27.684,84.668
10657,15050,27.658,84.609,27.684,84.639
10656,15049,27.658,84.58,27.684,84.609
10655,15048,27.658,84.551,27.684,84.58
